incident_id,predicted_killer,p_killer_1,p_killer_2,p_killer_3,p_killer_4,p_killer_5,p_killer_6,p_killer_7,p_killer_8
0,3,0.0,0.0,1.0,0.0,0.0,0.0,0.0,0.0
1,7,0.0,0.0,0.0,0.0,0.0,0.0,1.0,0.0
6,3,0.0,0.0,1.0,0.0,0.0,0.0,0.0,0.0
7,7,0.0,0.0,0.0,0.0,0.0,0.0,1.0,0.0
17,6,0.0,0.0,0.0,0.0,0.0,1.0,0.0,0.0
20,3,0.0,0.0,1.0,0.0,0.0,0.0,0.0,0.0
21,7,0.0,0.0,0.0,0.0,0.0,0.0,1.0,0.0
23,2,0.0,1.0,0.0,0.0,0.0,0.0,0.0,0.0
26,7,0.0,0.0,0.0,0.0,0.0,0.0,1.0,0.0
27,7,0.0,0.0,0.0,0.0,0.0,0.0,1.0,0.0
28,3,0.0,0.0,1.0,0.0,0.0,0.0,0.0,0.0
33,3,0.0,0.0,1.0,0.0,0.0,0.0,0.0,0.0
36,3,0.0,0.0,1.0,0.0,0.0,0.0,0.0,0.0
44,3,0.0,0.0,1.0,0.0,0.0,0.0,0.0,0.0
45,7,0.0,0.0,0.0,0.0,0.0,0.0,1.0,0.0
48,3,0.0,0.0,1.0,0.0,0.0,0.0,0.0,0.0
51,3,0.0,0.0,1.0,0.0,0.0,0.0,0.0,0.0
54,3,0.0,0.0,1.0,0.0,0.0,0.0,0.0,0.0
56,3,0.0,0.0,1.0,0.0,0.0,0.0,0.0,0.0
60,7,0.0,0.0,0.0,0.0,0.0,0.0,1.0,0.0
61,7,0.0,0.0,0.0,0.0,0.0,0.0,1.0,0.0
62,7,0.0,0.0,0.0,0.0,0.0,0.0,1.0,0.0
64,6,0.0,0.0,0.0,0.0,0.0,1.0,0.0,0.0
67,6,0.0,0.0,0.0,0.0,0.0,1.0,0.0,0.0
69,2,0.0,1.0,0.0,0.0,0.0,0.0,0.0,0.0
77,7,0.0,0.0,0.0,0.0,0.0,0.0,1.0,0.0
80,3,0.0,0.0,1.0,0.0,0.0,0.0,0.0,0.0
94,6,0.0,0.0,0.0,0.0,0.0,1.0,0.0,0.0
99,3,0.0,0.0,1.0,0.0,0.0,0.0,0.0,0.0
102,2,0.0,1.0,0.0,0.0,0.0,0.0,0.0,0.0
106,3,0.0,0.0,1.0,0.0,0.0,0.0,0.0,0.0
108,3,0.0,0.0,1.0,0.0,0.0,0.0,0.0,0.0
109,6,0.0,0.0,0.0,0.0,0.0,1.0,0.0,0.0
113,3,0.0,0.0,1.0,0.0,0.0,0.0,0.0,0.0
120,3,0.0,0.0,1.0,0.0,0.0,0.0,0.0,0.0
122,6,0.0,0.0,0.0,0.0,0.0,1.0,0.0,0.0
126,3,0.0,0.0,1.0,0.0,0.0,0.0,0.0,0.0
127,3,0.0,0.0,1.0,0.0,0.0,0.0,0.0,0.0
128,6,0.0,0.0,0.0,0.0,0.0,1.0,0.0,0.0
132,3,0.0,0.0,1.0,0.0,0.0,0.0,0.0,0.0
135,7,0.0,0.0,0.0,0.0,0.0,0.0,1.0,0.0
139,6,0.0,0.0,0.0,0.0,0.0,1.0,0.0,0.0
141,3,0.0,0.0,1.0,0.0,0.0,0.0,0.0,0.0
147,3,0.0,0.0,1.0,0.0,0.0,0.0,0.0,0.0
148,3,0.0,0.0,1.0,0.0,0.0,0.0,0.0,0.0
151,2,0.0,1.0,0.0,0.0,0.0,0.0,0.0,0.0
154,6,0.0,0.0,0.0,0.0,0.0,1.0,0.0,0.0
156,3,0.0,0.0,1.0,0.0,0.0,0.0,0.0,0.0
165,7,0.0,0.0,0.0,0.0,0.0,0.0,1.0,0.0
166,3,0.0,0.0,1.0,0.0,0.0,0.0,0.0,0.0
171,3,0.0,0.0,1.0,0.0,0.0,0.0,0.0,0.0
177,3,0.0,0.0,1.0,0.0,0.0,0.0,0.0,0.0
180,3,0.0,0.0,1.0,0.0,0.0,0.0,0.0,0.0
182,6,0.0,0.0,0.0,0.0,0.0,1.0,0.0,0.0
183,3,0.0,0.0,1.0,0.0,0.0,0.0,0.0,0.0
185,7,0.0,0.0,0.0,0.0,0.0,0.0,1.0,0.0
191,3,0.0,0.0,1.0,0.0,0.0,0.0,0.0,0.0
195,3,0.0,0.0,1.0,0.0,0.0,0.0,0.0,0.0
198,3,0.0,0.0,1.0,0.0,0.0,0.0,0.0,0.0
209,7,0.0,0.0,0.0,0.0,0.0,0.0,1.0,0.0
211,3,0.0,0.0,1.0,0.0,0.0,0.0,0.0,0.0
213,3,0.0,0.0,1.0,0.0,0.0,0.0,0.0,0.0
214,7,0.0,0.0,0.0,0.0,0.0,0.0,1.0,0.0
220,3,0.0,0.0,1.0,0.0,0.0,0.0,0.0,0.0
224,6,0.0,0.0,0.0,0.0,0.0,1.0,0.0,0.0
229,3,0.0,0.0,1.0,0.0,0.0,0.0,0.0,0.0
231,3,0.0,0.0,1.0,0.0,0.0,0.0,0.0,0.0
232,7,0.0,0.0,0.0,0.0,0.0,0.0,1.0,0.0
234,7,0.0,0.0,0.0,0.0,0.0,0.0,1.0,0.0
235,7,0.0,0.0,0.0,0.0,0.0,0.0,1.0,0.0
237,7,0.0,0.0,0.0,0.0,0.0,0.0,1.0,0.0
240,3,0.0,0.0,1.0,0.0,0.0,0.0,0.0,0.0
247,3,0.0,0.0,1.0,0.0,0.0,0.0,0.0,0.0
250,6,0.0,0.0,0.0,0.0,0.0,1.0,0.0,0.0
253,6,0.0,0.0,0.0,0.0,0.0,1.0,0.0,0.0
255,3,0.0,0.0,1.0,0.0,0.0,0.0,0.0,0.0
259,3,0.0,0.0,1.0,0.0,0.0,0.0,0.0,0.0
263,6,0.0,0.0,0.0,0.0,0.0,1.0,0.0,0.0
270,3,0.0,0.0,1.0,0.0,0.0,0.0,0.0,0.0
275,7,0.0,0.0,0.0,0.0,0.0,0.0,1.0,0.0
279,3,0.0,0.0,1.0,0.0,0.0,0.0,0.0,0.0
287,7,0.0,0.0,0.0,0.0,0.0,0.0,1.0,0.0
289,3,0.0,0.0,1.0,0.0,0.0,0.0,0.0,0.0
297,3,0.0,0.0,1.0,0.0,0.0,0.0,0.0,0.0
306,6,0.0,0.0,0.0,0.0,0.0,1.0,0.0,0.0
312,3,0.0,0.0,1.0,0.0,0.0,0.0,0.0,0.0
313,3,0.0,0.0,1.0,0.0,0.0,0.0,0.0,0.0
315,3,0.0,0.0,1.0,0.0,0.0,0.0,0.0,0.0
317,3,0.0,0.0,1.0,0.0,0.0,0.0,0.0,0.0
326,3,0.0,0.0,1.0,0.0,0.0,0.0,0.0,0.0
328,3,0.0,0.0,1.0,0.0,0.0,0.0,0.0,0.0
329,6,0.0,0.0,0.0,0.0,0.0,1.0,0.0,0.0
337,3,0.0,0.0,1.0,0.0,0.0,0.0,0.0,0.0
338,3,0.0,0.0,1.0,0.0,0.0,0.0,0.0,0.0
341,3,0.0,0.0,1.0,0.0,0.0,0.0,0.0,0.0
346,3,0.0,0.0,1.0,0.0,0.0,0.0,0.0,0.0
350,3,0.0,0.0,1.0,0.0,0.0,0.0,0.0,0.0
351,6,0.0,0.0,0.0,0.0,0.0,1.0,0.0,0.0
353,2,0.0,1.0,0.0,0.0,0.0,0.0,0.0,0.0
354,6,0.0,0.0,0.0,0.0,0.0,1.0,0.0,0.0
358,6,0.0,0.0,0.0,0.0,0.0,1.0,0.0,0.0
359,3,0.0,0.0,1.0,0.0,0.0,0.0,0.0,0.0
361,7,0.0,0.0,0.0,0.0,0.0,0.0,1.0,0.0
363,6,0.0,0.0,0.0,0.0,0.0,1.0,0.0,0.0
367,7,0.0,0.0,0.0,0.0,0.0,0.0,1.0,0.0
369,3,0.0,0.0,1.0,0.0,0.0,0.0,0.0,0.0
370,6,0.0,0.0,0.0,0.0,0.0,1.0,0.0,0.0
371,3,0.0,0.0,1.0,0.0,0.0,0.0,0.0,0.0
372,3,0.0,0.0,1.0,0.0,0.0,0.0,0.0,0.0
373,2,0.0,1.0,0.0,0.0,0.0,0.0,0.0,0.0
374,2,0.0,1.0,0.0,0.0,0.0,0.0,0.0,0.0
375,7,0.0,0.0,0.0,0.0,0.0,0.0,1.0,0.0
377,3,0.0,0.0,1.0,0.0,0.0,0.0,0.0,0.0
379,3,0.0,0.0,1.0,0.0,0.0,0.0,0.0,0.0
380,6,0.0,0.0,0.0,0.0,0.0,1.0,0.0,0.0
381,3,0.0,0.0,1.0,0.0,0.0,0.0,0.0,0.0
393,3,0.0,0.0,1.0,0.0,0.0,0.0,0.0,0.0
394,3,0.0,0.0,1.0,0.0,0.0,0.0,0.0,0.0
395,7,0.0,0.0,0.0,0.0,0.0,0.0,1.0,0.0
401,7,0.0,0.0,0.0,0.0,0.0,0.0,1.0,0.0
402,3,0.0,0.0,1.0,0.0,0.0,0.0,0.0,0.0
403,3,0.0,0.0,1.0,0.0,0.0,0.0,0.0,0.0
411,3,0.0,0.0,1.0,0.0,0.0,0.0,0.0,0.0
414,2,0.0,1.0,0.0,0.0,0.0,0.0,0.0,0.0
418,3,0.0,0.0,1.0,0.0,0.0,0.0,0.0,0.0
419,7,0.0,0.0,0.0,0.0,0.0,0.0,1.0,0.0
422,7,0.0,0.0,0.0,0.0,0.0,0.0,1.0,0.0
423,3,0.0,0.0,1.0,0.0,0.0,0.0,0.0,0.0
424,3,0.0,0.0,1.0,0.0,0.0,0.0,0.0,0.0
433,3,0.0,0.0,1.0,0.0,0.0,0.0,0.0,0.0
436,3,0.0,0.0,1.0,0.0,0.0,0.0,0.0,0.0
438,6,0.0,0.0,0.0,0.0,0.0,1.0,0.0,0.0
444,3,0.0,0.0,1.0,0.0,0.0,0.0,0.0,0.0
446,6,0.0,0.0,0.0,0.0,0.0,1.0,0.0,0.0
448,6,0.0,0.0,0.0,0.0,0.0,1.0,0.0,0.0
453,7,0.0,0.0,0.0,0.0,0.0,0.0,1.0,0.0
454,3,0.0,0.0,1.0,0.0,0.0,0.0,0.0,0.0
455,3,0.0,0.0,1.0,0.0,0.0,0.0,0.0,0.0
457,6,0.0,0.0,0.0,0.0,0.0,1.0,0.0,0.0
458,3,0.0,0.0,1.0,0.0,0.0,0.0,0.0,0.0
468,7,0.0,0.0,0.0,0.0,0.0,0.0,1.0,0.0
473,3,0.0,0.0,1.0,0.0,0.0,0.0,0.0,0.0
481,3,0.0,0.0,1.0,0.0,0.0,0.0,0.0,0.0
483,2,0.0,1.0,0.0,0.0,0.0,0.0,0.0,0.0
484,3,0.0,0.0,1.0,0.0,0.0,0.0,0.0,0.0
489,3,0.0,0.0,1.0,0.0,0.0,0.0,0.0,0.0
496,7,0.0,0.0,0.0,0.0,0.0,0.0,1.0,0.0
498,7,0.0,0.0,0.0,0.0,0.0,0.0,1.0,0.0
501,6,0.0,0.0,0.0,0.0,0.0,1.0,0.0,0.0
507,7,0.0,0.0,0.0,0.0,0.0,0.0,1.0,0.0
511,3,0.0,0.0,1.0,0.0,0.0,0.0,0.0,0.0
515,3,0.0,0.0,1.0,0.0,0.0,0.0,0.0,0.0
517,3,0.0,0.0,1.0,0.0,0.0,0.0,0.0,0.0
519,3,0.0,0.0,1.0,0.0,0.0,0.0,0.0,0.0
521,3,0.0,0.0,1.0,0.0,0.0,0.0,0.0,0.0
525,7,0.0,0.0,0.0,0.0,0.0,0.0,1.0,0.0
536,3,0.0,0.0,1.0,0.0,0.0,0.0,0.0,0.0
541,3,0.0,0.0,1.0,0.0,0.0,0.0,0.0,0.0
544,3,0.0,0.0,1.0,0.0,0.0,0.0,0.0,0.0
557,3,0.0,0.0,1.0,0.0,0.0,0.0,0.0,0.0
558,3,0.0,0.0,1.0,0.0,0.0,0.0,0.0,0.0
559,6,0.0,0.0,0.0,0.0,0.0,1.0,0.0,0.0
560,3,0.0,0.0,1.0,0.0,0.0,0.0,0.0,0.0
566,3,0.0,0.0,1.0,0.0,0.0,0.0,0.0,0.0
570,7,0.0,0.0,0.0,0.0,0.0,0.0,1.0,0.0
572,3,0.0,0.0,1.0,0.0,0.0,0.0,0.0,0.0
574,2,0.0,1.0,0.0,0.0,0.0,0.0,0.0,0.0
576,3,0.0,0.0,1.0,0.0,0.0,0.0,0.0,0.0
593,7,0.0,0.0,0.0,0.0,0.0,0.0,1.0,0.0
601,6,0.0,0.0,0.0,0.0,0.0,1.0,0.0,0.0
605,3,0.0,0.0,1.0,0.0,0.0,0.0,0.0,0.0
607,3,0.0,0.0,1.0,0.0,0.0,0.0,0.0,0.0
610,3,0.0,0.0,1.0,0.0,0.0,0.0,0.0,0.0
611,2,0.0,1.0,0.0,0.0,0.0,0.0,0.0,0.0
616,2,0.0,1.0,0.0,0.0,0.0,0.0,0.0,0.0
627,7,0.0,0.0,0.0,0.0,0.0,0.0,1.0,0.0
639,7,0.0,0.0,0.0,0.0,0.0,0.0,1.0,0.0
653,3,0.0,0.0,1.0,0.0,0.0,0.0,0.0,0.0
655,3,0.0,0.0,1.0,0.0,0.0,0.0,0.0,0.0
656,2,0.0,1.0,0.0,0.0,0.0,0.0,0.0,0.0
660,2,0.0,1.0,0.0,0.0,0.0,0.0,0.0,0.0
668,3,0.0,0.0,1.0,0.0,0.0,0.0,0.0,0.0
671,2,0.0,1.0,0.0,0.0,0.0,0.0,0.0,0.0
672,3,0.0,0.0,1.0,0.0,0.0,0.0,0.0,0.0
673,3,0.0,0.0,1.0,0.0,0.0,0.0,0.0,0.0
679,2,0.0,1.0,0.0,0.0,0.0,0.0,0.0,0.0
681,3,0.0,0.0,1.0,0.0,0.0,0.0,0.0,0.0
682,3,0.0,0.0,1.0,0.0,0.0,0.0,0.0,0.0
684,3,0.0,0.0,1.0,0.0,0.0,0.0,0.0,0.0
690,7,0.0,0.0,0.0,0.0,0.0,0.0,1.0,0.0
692,3,0.0,0.0,1.0,0.0,0.0,0.0,0.0,0.0
693,7,0.0,0.0,0.0,0.0,0.0,0.0,1.0,0.0
694,3,0.0,0.0,1.0,0.0,0.0,0.0,0.0,0.0
699,3,0.0,0.0,1.0,0.0,0.0,0.0,0.0,0.0
701,7,0.0,0.0,0.0,0.0,0.0,0.0,1.0,0.0
711,2,0.0,1.0,0.0,0.0,0.0,0.0,0.0,0.0
712,3,0.0,0.0,1.0,0.0,0.0,0.0,0.0,0.0
718,3,0.0,0.0,1.0,0.0,0.0,0.0,0.0,0.0
720,3,0.0,0.0,1.0,0.0,0.0,0.0,0.0,0.0
722,3,0.0,0.0,1.0,0.0,0.0,0.0,0.0,0.0
727,2,0.0,1.0,0.0,0.0,0.0,0.0,0.0,0.0
730,2,0.0,1.0,0.0,0.0,0.0,0.0,0.0,0.0
733,6,0.0,0.0,0.0,0.0,0.0,1.0,0.0,0.0
736,3,0.0,0.0,1.0,0.0,0.0,0.0,0.0,0.0
737,2,0.0,1.0,0.0,0.0,0.0,0.0,0.0,0.0
739,3,0.0,0.0,1.0,0.0,0.0,0.0,0.0,0.0
752,3,0.0,0.0,1.0,0.0,0.0,0.0,0.0,0.0
753,2,0.0,1.0,0.0,0.0,0.0,0.0,0.0,0.0
754,3,0.0,0.0,1.0,0.0,0.0,0.0,0.0,0.0
759,3,0.0,0.0,1.0,0.0,0.0,0.0,0.0,0.0
760,6,0.0,0.0,0.0,0.0,0.0,1.0,0.0,0.0
763,6,0.0,0.0,0.0,0.0,0.0,1.0,0.0,0.0
766,3,0.0,0.0,1.0,0.0,0.0,0.0,0.0,0.0
771,3,0.0,0.0,1.0,0.0,0.0,0.0,0.0,0.0
773,3,0.0,0.0,1.0,0.0,0.0,0.0,0.0,0.0
780,3,0.0,0.0,1.0,0.0,0.0,0.0,0.0,0.0
790,3,0.0,0.0,1.0,0.0,0.0,0.0,0.0,0.0
808,3,0.0,0.0,1.0,0.0,0.0,0.0,0.0,0.0
818,3,0.0,0.0,1.0,0.0,0.0,0.0,0.0,0.0
827,6,0.0,0.0,0.0,0.0,0.0,1.0,0.0,0.0
828,3,0.0,0.0,1.0,0.0,0.0,0.0,0.0,0.0
832,7,0.0,0.0,0.0,0.0,0.0,0.0,1.0,0.0
833,3,0.0,0.0,1.0,0.0,0.0,0.0,0.0,0.0
836,3,0.0,0.0,1.0,0.0,0.0,0.0,0.0,0.0
838,6,0.0,0.0,0.0,0.0,0.0,1.0,0.0,0.0
839,3,0.0,0.0,1.0,0.0,0.0,0.0,0.0,0.0
843,6,0.0,0.0,0.0,0.0,0.0,1.0,0.0,0.0
851,6,0.0,0.0,0.0,0.0,0.0,1.0,0.0,0.0
855,2,0.0,1.0,0.0,0.0,0.0,0.0,0.0,0.0
858,7,0.0,0.0,0.0,0.0,0.0,0.0,1.0,0.0
863,3,0.0,0.0,1.0,0.0,0.0,0.0,0.0,0.0
867,3,0.0,0.0,1.0,0.0,0.0,0.0,0.0,0.0
872,3,0.0,0.0,1.0,0.0,0.0,0.0,0.0,0.0
874,3,0.0,0.0,1.0,0.0,0.0,0.0,0.0,0.0
884,3,0.0,0.0,1.0,0.0,0.0,0.0,0.0,0.0
890,3,0.0,0.0,1.0,0.0,0.0,0.0,0.0,0.0
895,3,0.0,0.0,1.0,0.0,0.0,0.0,0.0,0.0
897,3,0.0,0.0,1.0,0.0,0.0,0.0,0.0,0.0
898,3,0.0,0.0,1.0,0.0,0.0,0.0,0.0,0.0
901,3,0.0,0.0,1.0,0.0,0.0,0.0,0.0,0.0
906,3,0.0,0.0,1.0,0.0,0.0,0.0,0.0,0.0
907,6,0.0,0.0,0.0,0.0,0.0,1.0,0.0,0.0
914,2,0.0,1.0,0.0,0.0,0.0,0.0,0.0,0.0
916,3,0.0,0.0,1.0,0.0,0.0,0.0,0.0,0.0
919,3,0.0,0.0,1.0,0.0,0.0,0.0,0.0,0.0
920,7,0.0,0.0,0.0,0.0,0.0,0.0,1.0,0.0
923,3,0.0,0.0,1.0,0.0,0.0,0.0,0.0,0.0
925,3,0.0,0.0,1.0,0.0,0.0,0.0,0.0,0.0
926,3,0.0,0.0,1.0,0.0,0.0,0.0,0.0,0.0
929,3,0.0,0.0,1.0,0.0,0.0,0.0,0.0,0.0
935,3,0.0,0.0,1.0,0.0,0.0,0.0,0.0,0.0
939,3,0.0,0.0,1.0,0.0,0.0,0.0,0.0,0.0
941,6,0.0,0.0,0.0,0.0,0.0,1.0,0.0,0.0
947,3,0.0,0.0,1.0,0.0,0.0,0.0,0.0,0.0
951,7,0.0,0.0,0.0,0.0,0.0,0.0,1.0,0.0
965,3,0.0,0.0,1.0,0.0,0.0,0.0,0.0,0.0
966,3,0.0,0.0,1.0,0.0,0.0,0.0,0.0,0.0
971,2,0.0,1.0,0.0,0.0,0.0,0.0,0.0,0.0
974,6,0.0,0.0,0.0,0.0,0.0,1.0,0.0,0.0
977,3,0.0,0.0,1.0,0.0,0.0,0.0,0.0,0.0
982,6,0.0,0.0,0.0,0.0,0.0,1.0,0.0,0.0
983,3,0.0,0.0,1.0,0.0,0.0,0.0,0.0,0.0
989,3,0.0,0.0,1.0,0.0,0.0,0.0,0.0,0.0
999,3,0.0,0.0,1.0,0.0,0.0,0.0,0.0,0.0
1001,3,0.0,0.0,1.0,0.0,0.0,0.0,0.0,0.0
1009,3,0.0,0.0,1.0,0.0,0.0,0.0,0.0,0.0
1010,3,0.0,0.0,1.0,0.0,0.0,0.0,0.0,0.0
1025,3,0.0,0.0,1.0,0.0,0.0,0.0,0.0,0.0
1029,6,0.0,0.0,0.0,0.0,0.0,1.0,0.0,0.0
1035,3,0.0,0.0,1.0,0.0,0.0,0.0,0.0,0.0
1038,7,0.0,0.0,0.0,0.0,0.0,0.0,1.0,0.0
1042,3,0.0,0.0,1.0,0.0,0.0,0.0,0.0,0.0
1043,7,0.0,0.0,0.0,0.0,0.0,0.0,1.0,0.0
1058,6,0.0,0.0,0.0,0.0,0.0,1.0,0.0,0.0
1061,3,0.0,0.0,1.0,0.0,0.0,0.0,0.0,0.0
1062,7,0.0,0.0,0.0,0.0,0.0,0.0,1.0,0.0
1070,3,0.0,0.0,1.0,0.0,0.0,0.0,0.0,0.0
1071,3,0.0,0.0,1.0,0.0,0.0,0.0,0.0,0.0
1078,7,0.0,0.0,0.0,0.0,0.0,0.0,1.0,0.0
1089,3,0.0,0.0,1.0,0.0,0.0,0.0,0.0,0.0
1092,3,0.0,0.0,1.0,0.0,0.0,0.0,0.0,0.0
1094,7,0.0,0.0,0.0,0.0,0.0,0.0,1.0,0.0
1095,6,0.0,0.0,0.0,0.0,0.0,1.0,0.0,0.0
1096,2,0.0,1.0,0.0,0.0,0.0,0.0,0.0,0.0
1097,3,0.0,0.0,1.0,0.0,0.0,0.0,0.0,0.0
1101,3,0.0,0.0,1.0,0.0,0.0,0.0,0.0,0.0
1103,3,0.0,0.0,1.0,0.0,0.0,0.0,0.0,0.0
1108,7,0.0,0.0,0.0,0.0,0.0,0.0,1.0,0.0
1113,3,0.0,0.0,1.0,0.0,0.0,0.0,0.0,0.0
1119,3,0.0,0.0,1.0,0.0,0.0,0.0,0.0,0.0
1133,2,0.0,1.0,0.0,0.0,0.0,0.0,0.0,0.0
1140,3,0.0,0.0,1.0,0.0,0.0,0.0,0.0,0.0
1151,3,0.0,0.0,1.0,0.0,0.0,0.0,0.0,0.0
1155,3,0.0,0.0,1.0,0.0,0.0,0.0,0.0,0.0
1160,3,0.0,0.0,1.0,0.0,0.0,0.0,0.0,0.0
1163,3,0.0,0.0,1.0,0.0,0.0,0.0,0.0,0.0
1165,3,0.0,0.0,1.0,0.0,0.0,0.0,0.0,0.0
1166,3,0.0,0.0,1.0,0.0,0.0,0.0,0.0,0.0
1167,7,0.0,0.0,0.0,0.0,0.0,0.0,1.0,0.0
1169,7,0.0,0.0,0.0,0.0,0.0,0.0,1.0,0.0
1179,3,0.0,0.0,1.0,0.0,0.0,0.0,0.0,0.0
1184,3,0.0,0.0,1.0,0.0,0.0,0.0,0.0,0.0
1194,3,0.0,0.0,1.0,0.0,0.0,0.0,0.0,0.0
1195,3,0.0,0.0,1.0,0.0,0.0,0.0,0.0,0.0
1201,3,0.0,0.0,1.0,0.0,0.0,0.0,0.0,0.0
1204,3,0.0,0.0,1.0,0.0,0.0,0.0,0.0,0.0
1205,3,0.0,0.0,1.0,0.0,0.0,0.0,0.0,0.0
1211,2,0.0,1.0,0.0,0.0,0.0,0.0,0.0,0.0
1219,3,0.0,0.0,1.0,0.0,0.0,0.0,0.0,0.0
1227,3,0.0,0.0,1.0,0.0,0.0,0.0,0.0,0.0
1232,6,0.0,0.0,0.0,0.0,0.0,1.0,0.0,0.0
1237,7,0.0,0.0,0.0,0.0,0.0,0.0,1.0,0.0
1241,3,0.0,0.0,1.0,0.0,0.0,0.0,0.0,0.0
1244,3,0.0,0.0,1.0,0.0,0.0,0.0,0.0,0.0
1246,3,0.0,0.0,1.0,0.0,0.0,0.0,0.0,0.0
1247,7,0.0,0.0,0.0,0.0,0.0,0.0,1.0,0.0
1248,3,0.0,0.0,1.0,0.0,0.0,0.0,0.0,0.0
1266,3,0.0,0.0,1.0,0.0,0.0,0.0,0.0,0.0
1273,3,0.0,0.0,1.0,0.0,0.0,0.0,0.0,0.0
1277,7,0.0,0.0,0.0,0.0,0.0,0.0,1.0,0.0
1283,6,0.0,0.0,0.0,0.0,0.0,1.0,0.0,0.0
1284,3,0.0,0.0,1.0,0.0,0.0,0.0,0.0,0.0
1289,3,0.0,0.0,1.0,0.0,0.0,0.0,0.0,0.0
1292,3,0.0,0.0,1.0,0.0,0.0,0.0,0.0,0.0
1294,3,0.0,0.0,1.0,0.0,0.0,0.0,0.0,0.0
1299,7,0.0,0.0,0.0,0.0,0.0,0.0,1.0,0.0
1307,3,0.0,0.0,1.0,0.0,0.0,0.0,0.0,0.0
1310,3,0.0,0.0,1.0,0.0,0.0,0.0,0.0,0.0
1316,6,0.0,0.0,0.0,0.0,0.0,1.0,0.0,0.0
1317,3,0.0,0.0,1.0,0.0,0.0,0.0,0.0,0.0
1323,6,0.0,0.0,0.0,0.0,0.0,1.0,0.0,0.0
1328,2,0.0,1.0,0.0,0.0,0.0,0.0,0.0,0.0
1331,3,0.0,0.0,1.0,0.0,0.0,0.0,0.0,0.0
1334,2,0.0,1.0,0.0,0.0,0.0,0.0,0.0,0.0
1338,6,0.0,0.0,0.0,0.0,0.0,1.0,0.0,0.0
1345,3,0.0,0.0,1.0,0.0,0.0,0.0,0.0,0.0
1346,3,0.0,0.0,1.0,0.0,0.0,0.0,0.0,0.0
1352,2,0.0,1.0,0.0,0.0,0.0,0.0,0.0,0.0
1355,3,0.0,0.0,1.0,0.0,0.0,0.0,0.0,0.0
1359,2,0.0,1.0,0.0,0.0,0.0,0.0,0.0,0.0
1363,2,0.0,1.0,0.0,0.0,0.0,0.0,0.0,0.0
1367,3,0.0,0.0,1.0,0.0,0.0,0.0,0.0,0.0
1372,3,0.0,0.0,1.0,0.0,0.0,0.0,0.0,0.0
1376,3,0.0,0.0,1.0,0.0,0.0,0.0,0.0,0.0
1379,3,0.0,0.0,1.0,0.0,0.0,0.0,0.0,0.0
1381,7,0.0,0.0,0.0,0.0,0.0,0.0,1.0,0.0
1383,3,0.0,0.0,1.0,0.0,0.0,0.0,0.0,0.0
1384,7,0.0,0.0,0.0,0.0,0.0,0.0,1.0,0.0
1394,6,0.0,0.0,0.0,0.0,0.0,1.0,0.0,0.0
1399,2,0.0,1.0,0.0,0.0,0.0,0.0,0.0,0.0
1400,3,0.0,0.0,1.0,0.0,0.0,0.0,0.0,0.0
1407,3,0.0,0.0,1.0,0.0,0.0,0.0,0.0,0.0
1423,6,0.0,0.0,0.0,0.0,0.0,1.0,0.0,0.0
1425,7,0.0,0.0,0.0,0.0,0.0,0.0,1.0,0.0
1426,3,0.0,0.0,1.0,0.0,0.0,0.0,0.0,0.0
1431,2,0.0,1.0,0.0,0.0,0.0,0.0,0.0,0.0
1433,2,0.0,1.0,0.0,0.0,0.0,0.0,0.0,0.0
1434,7,0.0,0.0,0.0,0.0,0.0,0.0,1.0,0.0
1436,2,0.0,1.0,0.0,0.0,0.0,0.0,0.0,0.0
1442,7,0.0,0.0,0.0,0.0,0.0,0.0,1.0,0.0
1444,3,0.0,0.0,1.0,0.0,0.0,0.0,0.0,0.0
1445,7,0.0,0.0,0.0,0.0,0.0,0.0,1.0,0.0
1447,3,0.0,0.0,1.0,0.0,0.0,0.0,0.0,0.0
1448,6,0.0,0.0,0.0,0.0,0.0,1.0,0.0,0.0
1449,2,0.0,1.0,0.0,0.0,0.0,0.0,0.0,0.0
1462,6,0.0,0.0,0.0,0.0,0.0,1.0,0.0,0.0
1466,3,0.0,0.0,1.0,0.0,0.0,0.0,0.0,0.0
1467,3,0.0,0.0,1.0,0.0,0.0,0.0,0.0,0.0
1471,3,0.0,0.0,1.0,0.0,0.0,0.0,0.0,0.0
1473,7,0.0,0.0,0.0,0.0,0.0,0.0,1.0,0.0
1477,3,0.0,0.0,1.0,0.0,0.0,0.0,0.0,0.0
1479,3,0.0,0.0,1.0,0.0,0.0,0.0,0.0,0.0
1481,3,0.0,0.0,1.0,0.0,0.0,0.0,0.0,0.0
1490,7,0.0,0.0,0.0,0.0,0.0,0.0,1.0,0.0
1491,2,0.0,1.0,0.0,0.0,0.0,0.0,0.0,0.0
1498,7,0.0,0.0,0.0,0.0,0.0,0.0,1.0,0.0
1514,3,0.0,0.0,1.0,0.0,0.0,0.0,0.0,0.0
1519,7,0.0,0.0,0.0,0.0,0.0,0.0,1.0,0.0
1520,3,0.0,0.0,1.0,0.0,0.0,0.0,0.0,0.0
1521,3,0.0,0.0,1.0,0.0,0.0,0.0,0.0,0.0
1522,3,0.0,0.0,1.0,0.0,0.0,0.0,0.0,0.0
1529,3,0.0,0.0,1.0,0.0,0.0,0.0,0.0,0.0
1530,6,0.0,0.0,0.0,0.0,0.0,1.0,0.0,0.0
1534,3,0.0,0.0,1.0,0.0,0.0,0.0,0.0,0.0
1536,3,0.0,0.0,1.0,0.0,0.0,0.0,0.0,0.0
1538,6,0.0,0.0,0.0,0.0,0.0,1.0,0.0,0.0
1539,7,0.0,0.0,0.0,0.0,0.0,0.0,1.0,0.0
1540,7,0.0,0.0,0.0,0.0,0.0,0.0,1.0,0.0
1543,6,0.0,0.0,0.0,0.0,0.0,1.0,0.0,0.0
1546,6,0.0,0.0,0.0,0.0,0.0,1.0,0.0,0.0
1548,3,0.0,0.0,1.0,0.0,0.0,0.0,0.0,0.0
1559,7,0.0,0.0,0.0,0.0,0.0,0.0,1.0,0.0
1563,3,0.0,0.0,1.0,0.0,0.0,0.0,0.0,0.0
1565,3,0.0,0.0,1.0,0.0,0.0,0.0,0.0,0.0
1567,6,0.0,0.0,0.0,0.0,0.0,1.0,0.0,0.0
1573,3,0.0,0.0,1.0,0.0,0.0,0.0,0.0,0.0
1582,6,0.0,0.0,0.0,0.0,0.0,1.0,0.0,0.0
1585,7,0.0,0.0,0.0,0.0,0.0,0.0,1.0,0.0
1591,3,0.0,0.0,1.0,0.0,0.0,0.0,0.0,0.0
1603,7,0.0,0.0,0.0,0.0,0.0,0.0,1.0,0.0
1612,7,0.0,0.0,0.0,0.0,0.0,0.0,1.0,0.0
1618,3,0.0,0.0,1.0,0.0,0.0,0.0,0.0,0.0
1624,3,0.0,0.0,1.0,0.0,0.0,0.0,0.0,0.0
1628,7,0.0,0.0,0.0,0.0,0.0,0.0,1.0,0.0
1639,3,0.0,0.0,1.0,0.0,0.0,0.0,0.0,0.0
1641,3,0.0,0.0,1.0,0.0,0.0,0.0,0.0,0.0
1647,6,0.0,0.0,0.0,0.0,0.0,1.0,0.0,0.0
1649,3,0.0,0.0,1.0,0.0,0.0,0.0,0.0,0.0
1655,7,0.0,0.0,0.0,0.0,0.0,0.0,1.0,0.0
1656,3,0.0,0.0,1.0,0.0,0.0,0.0,0.0,0.0
1660,3,0.0,0.0,1.0,0.0,0.0,0.0,0.0,0.0
1662,3,0.0,0.0,1.0,0.0,0.0,0.0,0.0,0.0
1663,3,0.0,0.0,1.0,0.0,0.0,0.0,0.0,0.0
1664,3,0.0,0.0,1.0,0.0,0.0,0.0,0.0,0.0
1665,2,0.0,1.0,0.0,0.0,0.0,0.0,0.0,0.0
1668,3,0.0,0.0,1.0,0.0,0.0,0.0,0.0,0.0
1671,6,0.0,0.0,0.0,0.0,0.0,1.0,0.0,0.0
1673,3,0.0,0.0,1.0,0.0,0.0,0.0,0.0,0.0
1675,3,0.0,0.0,1.0,0.0,0.0,0.0,0.0,0.0
1681,3,0.0,0.0,1.0,0.0,0.0,0.0,0.0,0.0
1686,3,0.0,0.0,1.0,0.0,0.0,0.0,0.0,0.0
1691,6,0.0,0.0,0.0,0.0,0.0,1.0,0.0,0.0
1694,3,0.0,0.0,1.0,0.0,0.0,0.0,0.0,0.0
1696,3,0.0,0.0,1.0,0.0,0.0,0.0,0.0,0.0
1701,2,0.0,1.0,0.0,0.0,0.0,0.0,0.0,0.0
1703,3,0.0,0.0,1.0,0.0,0.0,0.0,0.0,0.0
1706,3,0.0,0.0,1.0,0.0,0.0,0.0,0.0,0.0
1708,3,0.0,0.0,1.0,0.0,0.0,0.0,0.0,0.0
1715,3,0.0,0.0,1.0,0.0,0.0,0.0,0.0,0.0
1719,7,0.0,0.0,0.0,0.0,0.0,0.0,1.0,0.0
1722,2,0.0,1.0,0.0,0.0,0.0,0.0,0.0,0.0
1733,3,0.0,0.0,1.0,0.0,0.0,0.0,0.0,0.0
1735,2,0.0,1.0,0.0,0.0,0.0,0.0,0.0,0.0
1736,3,0.0,0.0,1.0,0.0,0.0,0.0,0.0,0.0
1740,3,0.0,0.0,1.0,0.0,0.0,0.0,0.0,0.0
1752,6,0.0,0.0,0.0,0.0,0.0,1.0,0.0,0.0
1754,3,0.0,0.0,1.0,0.0,0.0,0.0,0.0,0.0
1755,3,0.0,0.0,1.0,0.0,0.0,0.0,0.0,0.0
1763,3,0.0,0.0,1.0,0.0,0.0,0.0,0.0,0.0
1766,3,0.0,0.0,1.0,0.0,0.0,0.0,0.0,0.0
1775,3,0.0,0.0,1.0,0.0,0.0,0.0,0.0,0.0
1777,6,0.0,0.0,0.0,0.0,0.0,1.0,0.0,0.0
1791,2,0.0,1.0,0.0,0.0,0.0,0.0,0.0,0.0
1797,3,0.0,0.0,1.0,0.0,0.0,0.0,0.0,0.0
1798,3,0.0,0.0,1.0,0.0,0.0,0.0,0.0,0.0
1801,7,0.0,0.0,0.0,0.0,0.0,0.0,1.0,0.0
1805,2,0.0,1.0,0.0,0.0,0.0,0.0,0.0,0.0
1810,3,0.0,0.0,1.0,0.0,0.0,0.0,0.0,0.0
1811,3,0.0,0.0,1.0,0.0,0.0,0.0,0.0,0.0
1819,3,0.0,0.0,1.0,0.0,0.0,0.0,0.0,0.0
1820,3,0.0,0.0,1.0,0.0,0.0,0.0,0.0,0.0
1821,2,0.0,1.0,0.0,0.0,0.0,0.0,0.0,0.0
1822,3,0.0,0.0,1.0,0.0,0.0,0.0,0.0,0.0
1827,6,0.0,0.0,0.0,0.0,0.0,1.0,0.0,0.0
1828,3,0.0,0.0,1.0,0.0,0.0,0.0,0.0,0.0
1831,2,0.0,1.0,0.0,0.0,0.0,0.0,0.0,0.0
1834,6,0.0,0.0,0.0,0.0,0.0,1.0,0.0,0.0
1837,3,0.0,0.0,1.0,0.0,0.0,0.0,0.0,0.0
1840,3,0.0,0.0,1.0,0.0,0.0,0.0,0.0,0.0
1851,3,0.0,0.0,1.0,0.0,0.0,0.0,0.0,0.0
1856,3,0.0,0.0,1.0,0.0,0.0,0.0,0.0,0.0
1861,3,0.0,0.0,1.0,0.0,0.0,0.0,0.0,0.0
1863,7,0.0,0.0,0.0,0.0,0.0,0.0,1.0,0.0
1867,3,0.0,0.0,1.0,0.0,0.0,0.0,0.0,0.0
1871,3,0.0,0.0,1.0,0.0,0.0,0.0,0.0,0.0
1879,6,0.0,0.0,0.0,0.0,0.0,1.0,0.0,0.0
1882,3,0.0,0.0,1.0,0.0,0.0,0.0,0.0,0.0
1885,7,0.0,0.0,0.0,0.0,0.0,0.0,1.0,0.0
1886,3,0.0,0.0,1.0,0.0,0.0,0.0,0.0,0.0
1888,7,0.0,0.0,0.0,0.0,0.0,0.0,1.0,0.0
1893,3,0.0,0.0,1.0,0.0,0.0,0.0,0.0,0.0
1894,3,0.0,0.0,1.0,0.0,0.0,0.0,0.0,0.0
1898,6,0.0,0.0,0.0,0.0,0.0,1.0,0.0,0.0
1901,3,0.0,0.0,1.0,0.0,0.0,0.0,0.0,0.0
1902,3,0.0,0.0,1.0,0.0,0.0,0.0,0.0,0.0
1905,3,0.0,0.0,1.0,0.0,0.0,0.0,0.0,0.0
1906,2,0.0,1.0,0.0,0.0,0.0,0.0,0.0,0.0
1909,6,0.0,0.0,0.0,0.0,0.0,1.0,0.0,0.0
1911,7,0.0,0.0,0.0,0.0,0.0,0.0,1.0,0.0
1912,2,0.0,1.0,0.0,0.0,0.0,0.0,0.0,0.0
1913,3,0.0,0.0,1.0,0.0,0.0,0.0,0.0,0.0
1915,3,0.0,0.0,1.0,0.0,0.0,0.0,0.0,0.0
1924,6,0.0,0.0,0.0,0.0,0.0,1.0,0.0,0.0
1930,3,0.0,0.0,1.0,0.0,0.0,0.0,0.0,0.0
1932,7,0.0,0.0,0.0,0.0,0.0,0.0,1.0,0.0
1933,3,0.0,0.0,1.0,0.0,0.0,0.0,0.0,0.0
1940,3,0.0,0.0,1.0,0.0,0.0,0.0,0.0,0.0
1941,2,0.0,1.0,0.0,0.0,0.0,0.0,0.0,0.0
1944,3,0.0,0.0,1.0,0.0,0.0,0.0,0.0,0.0
1946,3,0.0,0.0,1.0,0.0,0.0,0.0,0.0,0.0
1949,3,0.0,0.0,1.0,0.0,0.0,0.0,0.0,0.0
1953,3,0.0,0.0,1.0,0.0,0.0,0.0,0.0,0.0
1958,3,0.0,0.0,1.0,0.0,0.0,0.0,0.0,0.0
1962,3,0.0,0.0,1.0,0.0,0.0,0.0,0.0,0.0
1967,3,0.0,0.0,1.0,0.0,0.0,0.0,0.0,0.0
1975,6,0.0,0.0,0.0,0.0,0.0,1.0,0.0,0.0
1976,3,0.0,0.0,1.0,0.0,0.0,0.0,0.0,0.0
1979,6,0.0,0.0,0.0,0.0,0.0,1.0,0.0,0.0
1986,7,0.0,0.0,0.0,0.0,0.0,0.0,1.0,0.0
1991,3,0.0,0.0,1.0,0.0,0.0,0.0,0.0,0.0
1993,3,0.0,0.0,1.0,0.0,0.0,0.0,0.0,0.0
1994,2,0.0,1.0,0.0,0.0,0.0,0.0,0.0,0.0
1996,3,0.0,0.0,1.0,0.0,0.0,0.0,0.0,0.0
1997,6,0.0,0.0,0.0,0.0,0.0,1.0,0.0,0.0
1999,3,0.0,0.0,1.0,0.0,0.0,0.0,0.0,0.0
2001,6,0.0,0.0,0.0,0.0,0.0,1.0,0.0,0.0
2003,3,0.0,0.0,1.0,0.0,0.0,0.0,0.0,0.0
2005,6,0.0,0.0,0.0,0.0,0.0,1.0,0.0,0.0
2006,7,0.0,0.0,0.0,0.0,0.0,0.0,1.0,0.0
2011,3,0.0,0.0,1.0,0.0,0.0,0.0,0.0,0.0
2012,6,0.0,0.0,0.0,0.0,0.0,1.0,0.0,0.0
2015,6,0.0,0.0,0.0,0.0,0.0,1.0,0.0,0.0
2020,3,0.0,0.0,1.0,0.0,0.0,0.0,0.0,0.0
2022,3,0.0,0.0,1.0,0.0,0.0,0.0,0.0,0.0
2027,3,0.0,0.0,1.0,0.0,0.0,0.0,0.0,0.0
2029,6,0.0,0.0,0.0,0.0,0.0,1.0,0.0,0.0
2031,3,0.0,0.0,1.0,0.0,0.0,0.0,0.0,0.0
2034,3,0.0,0.0,1.0,0.0,0.0,0.0,0.0,0.0
2041,2,0.0,1.0,0.0,0.0,0.0,0.0,0.0,0.0
2050,3,0.0,0.0,1.0,0.0,0.0,0.0,0.0,0.0
2054,7,0.0,0.0,0.0,0.0,0.0,0.0,1.0,0.0
2057,7,0.0,0.0,0.0,0.0,0.0,0.0,1.0,0.0
2059,3,0.0,0.0,1.0,0.0,0.0,0.0,0.0,0.0
2069,3,0.0,0.0,1.0,0.0,0.0,0.0,0.0,0.0
2078,7,0.0,0.0,0.0,0.0,0.0,0.0,1.0,0.0
2082,3,0.0,0.0,1.0,0.0,0.0,0.0,0.0,0.0
2094,3,0.0,0.0,1.0,0.0,0.0,0.0,0.0,0.0
2096,3,0.0,0.0,1.0,0.0,0.0,0.0,0.0,0.0
2105,6,0.0,0.0,0.0,0.0,0.0,1.0,0.0,0.0
2108,3,0.0,0.0,1.0,0.0,0.0,0.0,0.0,0.0
2115,3,0.0,0.0,1.0,0.0,0.0,0.0,0.0,0.0
2118,3,0.0,0.0,1.0,0.0,0.0,0.0,0.0,0.0
2120,3,0.0,0.0,1.0,0.0,0.0,0.0,0.0,0.0
2132,2,0.0,1.0,0.0,0.0,0.0,0.0,0.0,0.0
2134,3,0.0,0.0,1.0,0.0,0.0,0.0,0.0,0.0
2139,3,0.0,0.0,1.0,0.0,0.0,0.0,0.0,0.0
2142,3,0.0,0.0,1.0,0.0,0.0,0.0,0.0,0.0
2144,3,0.0,0.0,1.0,0.0,0.0,0.0,0.0,0.0
2146,6,0.0,0.0,0.0,0.0,0.0,1.0,0.0,0.0
2148,6,0.0,0.0,0.0,0.0,0.0,1.0,0.0,0.0
2149,3,0.0,0.0,1.0,0.0,0.0,0.0,0.0,0.0
2152,3,0.0,0.0,1.0,0.0,0.0,0.0,0.0,0.0
2153,3,0.0,0.0,1.0,0.0,0.0,0.0,0.0,0.0
2155,3,0.0,0.0,1.0,0.0,0.0,0.0,0.0,0.0
2159,3,0.0,0.0,1.0,0.0,0.0,0.0,0.0,0.0
2162,3,0.0,0.0,1.0,0.0,0.0,0.0,0.0,0.0
2166,3,0.0,0.0,1.0,0.0,0.0,0.0,0.0,0.0
2173,3,0.0,0.0,1.0,0.0,0.0,0.0,0.0,0.0
2174,2,0.0,1.0,0.0,0.0,0.0,0.0,0.0,0.0
2175,7,0.0,0.0,0.0,0.0,0.0,0.0,1.0,0.0
2181,3,0.0,0.0,1.0,0.0,0.0,0.0,0.0,0.0
2195,3,0.0,0.0,1.0,0.0,0.0,0.0,0.0,0.0
2199,7,0.0,0.0,0.0,0.0,0.0,0.0,1.0,0.0
2200,3,0.0,0.0,1.0,0.0,0.0,0.0,0.0,0.0
2202,3,0.0,0.0,1.0,0.0,0.0,0.0,0.0,0.0
2204,2,0.0,1.0,0.0,0.0,0.0,0.0,0.0,0.0
2205,3,0.0,0.0,1.0,0.0,0.0,0.0,0.0,0.0
2208,6,0.0,0.0,0.0,0.0,0.0,1.0,0.0,0.0
2209,6,0.0,0.0,0.0,0.0,0.0,1.0,0.0,0.0
2210,3,0.0,0.0,1.0,0.0,0.0,0.0,0.0,0.0
2216,3,0.0,0.0,1.0,0.0,0.0,0.0,0.0,0.0
2217,6,0.0,0.0,0.0,0.0,0.0,1.0,0.0,0.0
2218,7,0.0,0.0,0.0,0.0,0.0,0.0,1.0,0.0
2219,3,0.0,0.0,1.0,0.0,0.0,0.0,0.0,0.0
2221,6,0.0,0.0,0.0,0.0,0.0,1.0,0.0,0.0
2249,3,0.0,0.0,1.0,0.0,0.0,0.0,0.0,0.0
2251,3,0.0,0.0,1.0,0.0,0.0,0.0,0.0,0.0
2252,3,0.0,0.0,1.0,0.0,0.0,0.0,0.0,0.0
2253,6,0.0,0.0,0.0,0.0,0.0,1.0,0.0,0.0
2256,6,0.0,0.0,0.0,0.0,0.0,1.0,0.0,0.0
2266,6,0.0,0.0,0.0,0.0,0.0,1.0,0.0,0.0
2271,3,0.0,0.0,1.0,0.0,0.0,0.0,0.0,0.0
2273,3,0.0,0.0,1.0,0.0,0.0,0.0,0.0,0.0
2276,3,0.0,0.0,1.0,0.0,0.0,0.0,0.0,0.0
2279,3,0.0,0.0,1.0,0.0,0.0,0.0,0.0,0.0
2282,3,0.0,0.0,1.0,0.0,0.0,0.0,0.0,0.0
2283,3,0.0,0.0,1.0,0.0,0.0,0.0,0.0,0.0
2284,3,0.0,0.0,1.0,0.0,0.0,0.0,0.0,0.0
2286,3,0.0,0.0,1.0,0.0,0.0,0.0,0.0,0.0
2290,3,0.0,0.0,1.0,0.0,0.0,0.0,0.0,0.0
2292,7,0.0,0.0,0.0,0.0,0.0,0.0,1.0,0.0
2298,3,0.0,0.0,1.0,0.0,0.0,0.0,0.0,0.0
2299,3,0.0,0.0,1.0,0.0,0.0,0.0,0.0,0.0
2300,7,0.0,0.0,0.0,0.0,0.0,0.0,1.0,0.0
2318,3,0.0,0.0,1.0,0.0,0.0,0.0,0.0,0.0
2319,3,0.0,0.0,1.0,0.0,0.0,0.0,0.0,0.0
2321,3,0.0,0.0,1.0,0.0,0.0,0.0,0.0,0.0
2333,3,0.0,0.0,1.0,0.0,0.0,0.0,0.0,0.0
2334,3,0.0,0.0,1.0,0.0,0.0,0.0,0.0,0.0
2339,3,0.0,0.0,1.0,0.0,0.0,0.0,0.0,0.0
2342,7,0.0,0.0,0.0,0.0,0.0,0.0,1.0,0.0
2343,3,0.0,0.0,1.0,0.0,0.0,0.0,0.0,0.0
2345,3,0.0,0.0,1.0,0.0,0.0,0.0,0.0,0.0
2346,7,0.0,0.0,0.0,0.0,0.0,0.0,1.0,0.0
2350,3,0.0,0.0,1.0,0.0,0.0,0.0,0.0,0.0
2352,3,0.0,0.0,1.0,0.0,0.0,0.0,0.0,0.0
2355,7,0.0,0.0,0.0,0.0,0.0,0.0,1.0,0.0
2358,7,0.0,0.0,0.0,0.0,0.0,0.0,1.0,0.0
2360,3,0.0,0.0,1.0,0.0,0.0,0.0,0.0,0.0
2362,7,0.0,0.0,0.0,0.0,0.0,0.0,1.0,0.0
2364,2,0.0,1.0,0.0,0.0,0.0,0.0,0.0,0.0
2367,3,0.0,0.0,1.0,0.0,0.0,0.0,0.0,0.0
2368,3,0.0,0.0,1.0,0.0,0.0,0.0,0.0,0.0
2371,7,0.0,0.0,0.0,0.0,0.0,0.0,1.0,0.0
2373,7,0.0,0.0,0.0,0.0,0.0,0.0,1.0,0.0
2378,3,0.0,0.0,1.0,0.0,0.0,0.0,0.0,0.0
2379,3,0.0,0.0,1.0,0.0,0.0,0.0,0.0,0.0
2380,2,0.0,1.0,0.0,0.0,0.0,0.0,0.0,0.0
2382,3,0.0,0.0,1.0,0.0,0.0,0.0,0.0,0.0
2387,3,0.0,0.0,1.0,0.0,0.0,0.0,0.0,0.0
2388,3,0.0,0.0,1.0,0.0,0.0,0.0,0.0,0.0
2394,3,0.0,0.0,1.0,0.0,0.0,0.0,0.0,0.0
2397,7,0.0,0.0,0.0,0.0,0.0,0.0,1.0,0.0
2400,3,0.0,0.0,1.0,0.0,0.0,0.0,0.0,0.0
2405,6,0.0,0.0,0.0,0.0,0.0,1.0,0.0,0.0
2414,7,0.0,0.0,0.0,0.0,0.0,0.0,1.0,0.0
2418,6,0.0,0.0,0.0,0.0,0.0,1.0,0.0,0.0
2422,3,0.0,0.0,1.0,0.0,0.0,0.0,0.0,0.0
2425,3,0.0,0.0,1.0,0.0,0.0,0.0,0.0,0.0
2426,7,0.0,0.0,0.0,0.0,0.0,0.0,1.0,0.0
2427,3,0.0,0.0,1.0,0.0,0.0,0.0,0.0,0.0
2430,7,0.0,0.0,0.0,0.0,0.0,0.0,1.0,0.0
2439,3,0.0,0.0,1.0,0.0,0.0,0.0,0.0,0.0
2443,3,0.0,0.0,1.0,0.0,0.0,0.0,0.0,0.0
2448,3,0.0,0.0,1.0,0.0,0.0,0.0,0.0,0.0
2450,3,0.0,0.0,1.0,0.0,0.0,0.0,0.0,0.0
2453,3,0.0,0.0,1.0,0.0,0.0,0.0,0.0,0.0
2457,3,0.0,0.0,1.0,0.0,0.0,0.0,0.0,0.0
2465,3,0.0,0.0,1.0,0.0,0.0,0.0,0.0,0.0
2467,3,0.0,0.0,1.0,0.0,0.0,0.0,0.0,0.0
2468,6,0.0,0.0,0.0,0.0,0.0,1.0,0.0,0.0
2474,3,0.0,0.0,1.0,0.0,0.0,0.0,0.0,0.0
2480,6,0.0,0.0,0.0,0.0,0.0,1.0,0.0,0.0
2483,3,0.0,0.0,1.0,0.0,0.0,0.0,0.0,0.0
2487,3,0.0,0.0,1.0,0.0,0.0,0.0,0.0,0.0
2495,3,0.0,0.0,1.0,0.0,0.0,0.0,0.0,0.0
2498,3,0.0,0.0,1.0,0.0,0.0,0.0,0.0,0.0
2504,3,0.0,0.0,1.0,0.0,0.0,0.0,0.0,0.0
2509,7,0.0,0.0,0.0,0.0,0.0,0.0,1.0,0.0
2520,3,0.0,0.0,1.0,0.0,0.0,0.0,0.0,0.0
2523,3,0.0,0.0,1.0,0.0,0.0,0.0,0.0,0.0
2533,7,0.0,0.0,0.0,0.0,0.0,0.0,1.0,0.0
2535,6,0.0,0.0,0.0,0.0,0.0,1.0,0.0,0.0
2538,6,0.0,0.0,0.0,0.0,0.0,1.0,0.0,0.0
2539,3,0.0,0.0,1.0,0.0,0.0,0.0,0.0,0.0
2541,3,0.0,0.0,1.0,0.0,0.0,0.0,0.0,0.0
2542,3,0.0,0.0,1.0,0.0,0.0,0.0,0.0,0.0
2545,6,0.0,0.0,0.0,0.0,0.0,1.0,0.0,0.0
2546,3,0.0,0.0,1.0,0.0,0.0,0.0,0.0,0.0
2550,7,0.0,0.0,0.0,0.0,0.0,0.0,1.0,0.0
2552,3,0.0,0.0,1.0,0.0,0.0,0.0,0.0,0.0
2557,3,0.0,0.0,1.0,0.0,0.0,0.0,0.0,0.0
2560,3,0.0,0.0,1.0,0.0,0.0,0.0,0.0,0.0
2568,7,0.0,0.0,0.0,0.0,0.0,0.0,1.0,0.0
2570,3,0.0,0.0,1.0,0.0,0.0,0.0,0.0,0.0
2571,3,0.0,0.0,1.0,0.0,0.0,0.0,0.0,0.0
2576,3,0.0,0.0,1.0,0.0,0.0,0.0,0.0,0.0
2578,3,0.0,0.0,1.0,0.0,0.0,0.0,0.0,0.0
2581,3,0.0,0.0,1.0,0.0,0.0,0.0,0.0,0.0
2587,6,0.0,0.0,0.0,0.0,0.0,1.0,0.0,0.0
2591,3,0.0,0.0,1.0,0.0,0.0,0.0,0.0,0.0
2595,3,0.0,0.0,1.0,0.0,0.0,0.0,0.0,0.0
2598,3,0.0,0.0,1.0,0.0,0.0,0.0,0.0,0.0
2601,2,0.0,1.0,0.0,0.0,0.0,0.0,0.0,0.0
2609,7,0.0,0.0,0.0,0.0,0.0,0.0,1.0,0.0
2611,6,0.0,0.0,0.0,0.0,0.0,1.0,0.0,0.0
2614,3,0.0,0.0,1.0,0.0,0.0,0.0,0.0,0.0
2617,3,0.0,0.0,1.0,0.0,0.0,0.0,0.0,0.0
2620,3,0.0,0.0,1.0,0.0,0.0,0.0,0.0,0.0
2622,3,0.0,0.0,1.0,0.0,0.0,0.0,0.0,0.0
2623,7,0.0,0.0,0.0,0.0,0.0,0.0,1.0,0.0
2629,6,0.0,0.0,0.0,0.0,0.0,1.0,0.0,0.0
2638,2,0.0,1.0,0.0,0.0,0.0,0.0,0.0,0.0
2639,3,0.0,0.0,1.0,0.0,0.0,0.0,0.0,0.0
2647,3,0.0,0.0,1.0,0.0,0.0,0.0,0.0,0.0
2651,3,0.0,0.0,1.0,0.0,0.0,0.0,0.0,0.0
2653,3,0.0,0.0,1.0,0.0,0.0,0.0,0.0,0.0
2655,3,0.0,0.0,1.0,0.0,0.0,0.0,0.0,0.0
2659,3,0.0,0.0,1.0,0.0,0.0,0.0,0.0,0.0
2661,3,0.0,0.0,1.0,0.0,0.0,0.0,0.0,0.0
2662,3,0.0,0.0,1.0,0.0,0.0,0.0,0.0,0.0
2666,7,0.0,0.0,0.0,0.0,0.0,0.0,1.0,0.0
2669,3,0.0,0.0,1.0,0.0,0.0,0.0,0.0,0.0
2671,3,0.0,0.0,1.0,0.0,0.0,0.0,0.0,0.0
2674,7,0.0,0.0,0.0,0.0,0.0,0.0,1.0,0.0
2680,3,0.0,0.0,1.0,0.0,0.0,0.0,0.0,0.0
2683,3,0.0,0.0,1.0,0.0,0.0,0.0,0.0,0.0
2684,3,0.0,0.0,1.0,0.0,0.0,0.0,0.0,0.0
2686,3,0.0,0.0,1.0,0.0,0.0,0.0,0.0,0.0
2688,3,0.0,0.0,1.0,0.0,0.0,0.0,0.0,0.0
2690,7,0.0,0.0,0.0,0.0,0.0,0.0,1.0,0.0
2691,6,0.0,0.0,0.0,0.0,0.0,1.0,0.0,0.0
2692,3,0.0,0.0,1.0,0.0,0.0,0.0,0.0,0.0
2703,3,0.0,0.0,1.0,0.0,0.0,0.0,0.0,0.0
2709,7,0.0,0.0,0.0,0.0,0.0,0.0,1.0,0.0
2719,2,0.0,1.0,0.0,0.0,0.0,0.0,0.0,0.0
2723,7,0.0,0.0,0.0,0.0,0.0,0.0,1.0,0.0
2733,2,0.0,1.0,0.0,0.0,0.0,0.0,0.0,0.0
2736,3,0.0,0.0,1.0,0.0,0.0,0.0,0.0,0.0
2738,6,0.0,0.0,0.0,0.0,0.0,1.0,0.0,0.0
2739,6,0.0,0.0,0.0,0.0,0.0,1.0,0.0,0.0
2740,6,0.0,0.0,0.0,0.0,0.0,1.0,0.0,0.0
2741,2,0.0,1.0,0.0,0.0,0.0,0.0,0.0,0.0
2751,7,0.0,0.0,0.0,0.0,0.0,0.0,1.0,0.0
2757,3,0.0,0.0,1.0,0.0,0.0,0.0,0.0,0.0
2758,3,0.0,0.0,1.0,0.0,0.0,0.0,0.0,0.0
2762,3,0.0,0.0,1.0,0.0,0.0,0.0,0.0,0.0
2764,3,0.0,0.0,1.0,0.0,0.0,0.0,0.0,0.0
2769,3,0.0,0.0,1.0,0.0,0.0,0.0,0.0,0.0
2771,7,0.0,0.0,0.0,0.0,0.0,0.0,1.0,0.0
2772,6,0.0,0.0,0.0,0.0,0.0,1.0,0.0,0.0
2773,6,0.0,0.0,0.0,0.0,0.0,1.0,0.0,0.0
2777,3,0.0,0.0,1.0,0.0,0.0,0.0,0.0,0.0
2780,3,0.0,0.0,1.0,0.0,0.0,0.0,0.0,0.0
2782,3,0.0,0.0,1.0,0.0,0.0,0.0,0.0,0.0
2785,3,0.0,0.0,1.0,0.0,0.0,0.0,0.0,0.0
2792,7,0.0,0.0,0.0,0.0,0.0,0.0,1.0,0.0
2795,3,0.0,0.0,1.0,0.0,0.0,0.0,0.0,0.0
2801,3,0.0,0.0,1.0,0.0,0.0,0.0,0.0,0.0
2802,3,0.0,0.0,1.0,0.0,0.0,0.0,0.0,0.0
2803,6,0.0,0.0,0.0,0.0,0.0,1.0,0.0,0.0
2805,3,0.0,0.0,1.0,0.0,0.0,0.0,0.0,0.0
2807,3,0.0,0.0,1.0,0.0,0.0,0.0,0.0,0.0
2811,3,0.0,0.0,1.0,0.0,0.0,0.0,0.0,0.0
2813,3,0.0,0.0,1.0,0.0,0.0,0.0,0.0,0.0
2816,3,0.0,0.0,1.0,0.0,0.0,0.0,0.0,0.0
2817,3,0.0,0.0,1.0,0.0,0.0,0.0,0.0,0.0
2818,3,0.0,0.0,1.0,0.0,0.0,0.0,0.0,0.0
2820,3,0.0,0.0,1.0,0.0,0.0,0.0,0.0,0.0
2824,3,0.0,0.0,1.0,0.0,0.0,0.0,0.0,0.0
2827,7,0.0,0.0,0.0,0.0,0.0,0.0,1.0,0.0
2828,3,0.0,0.0,1.0,0.0,0.0,0.0,0.0,0.0
2831,3,0.0,0.0,1.0,0.0,0.0,0.0,0.0,0.0
2833,3,0.0,0.0,1.0,0.0,0.0,0.0,0.0,0.0
2837,3,0.0,0.0,1.0,0.0,0.0,0.0,0.0,0.0
2844,3,0.0,0.0,1.0,0.0,0.0,0.0,0.0,0.0
2849,3,0.0,0.0,1.0,0.0,0.0,0.0,0.0,0.0
2850,6,0.0,0.0,0.0,0.0,0.0,1.0,0.0,0.0
2854,3,0.0,0.0,1.0,0.0,0.0,0.0,0.0,0.0
2855,6,0.0,0.0,0.0,0.0,0.0,1.0,0.0,0.0
2859,3,0.0,0.0,1.0,0.0,0.0,0.0,0.0,0.0
2862,3,0.0,0.0,1.0,0.0,0.0,0.0,0.0,0.0
2864,6,0.0,0.0,0.0,0.0,0.0,1.0,0.0,0.0
2865,3,0.0,0.0,1.0,0.0,0.0,0.0,0.0,0.0
2867,3,0.0,0.0,1.0,0.0,0.0,0.0,0.0,0.0
2869,6,0.0,0.0,0.0,0.0,0.0,1.0,0.0,0.0
2870,3,0.0,0.0,1.0,0.0,0.0,0.0,0.0,0.0
2871,3,0.0,0.0,1.0,0.0,0.0,0.0,0.0,0.0
2877,3,0.0,0.0,1.0,0.0,0.0,0.0,0.0,0.0
2883,6,0.0,0.0,0.0,0.0,0.0,1.0,0.0,0.0
2887,3,0.0,0.0,1.0,0.0,0.0,0.0,0.0,0.0
2891,6,0.0,0.0,0.0,0.0,0.0,1.0,0.0,0.0
2897,7,0.0,0.0,0.0,0.0,0.0,0.0,1.0,0.0
2903,3,0.0,0.0,1.0,0.0,0.0,0.0,0.0,0.0
2906,3,0.0,0.0,1.0,0.0,0.0,0.0,0.0,0.0
2908,3,0.0,0.0,1.0,0.0,0.0,0.0,0.0,0.0
2909,3,0.0,0.0,1.0,0.0,0.0,0.0,0.0,0.0
2912,6,0.0,0.0,0.0,0.0,0.0,1.0,0.0,0.0
2919,3,0.0,0.0,1.0,0.0,0.0,0.0,0.0,0.0
2922,7,0.0,0.0,0.0,0.0,0.0,0.0,1.0,0.0
2925,3,0.0,0.0,1.0,0.0,0.0,0.0,0.0,0.0
2931,3,0.0,0.0,1.0,0.0,0.0,0.0,0.0,0.0
2932,3,0.0,0.0,1.0,0.0,0.0,0.0,0.0,0.0
2934,3,0.0,0.0,1.0,0.0,0.0,0.0,0.0,0.0
2935,6,0.0,0.0,0.0,0.0,0.0,1.0,0.0,0.0
2938,6,0.0,0.0,0.0,0.0,0.0,1.0,0.0,0.0
2953,3,0.0,0.0,1.0,0.0,0.0,0.0,0.0,0.0
2954,3,0.0,0.0,1.0,0.0,0.0,0.0,0.0,0.0
2959,3,0.0,0.0,1.0,0.0,0.0,0.0,0.0,0.0
2964,3,0.0,0.0,1.0,0.0,0.0,0.0,0.0,0.0
2965,3,0.0,0.0,1.0,0.0,0.0,0.0,0.0,0.0
2968,3,0.0,0.0,1.0,0.0,0.0,0.0,0.0,0.0
2970,3,0.0,0.0,1.0,0.0,0.0,0.0,0.0,0.0
2971,3,0.0,0.0,1.0,0.0,0.0,0.0,0.0,0.0
2973,3,0.0,0.0,1.0,0.0,0.0,0.0,0.0,0.0
2974,3,0.0,0.0,1.0,0.0,0.0,0.0,0.0,0.0
2975,6,0.0,0.0,0.0,0.0,0.0,1.0,0.0,0.0
2977,3,0.0,0.0,1.0,0.0,0.0,0.0,0.0,0.0
2978,3,0.0,0.0,1.0,0.0,0.0,0.0,0.0,0.0
2980,3,0.0,0.0,1.0,0.0,0.0,0.0,0.0,0.0
2981,3,0.0,0.0,1.0,0.0,0.0,0.0,0.0,0.0
2984,3,0.0,0.0,1.0,0.0,0.0,0.0,0.0,0.0
2990,6,0.0,0.0,0.0,0.0,0.0,1.0,0.0,0.0
2996,3,0.0,0.0,1.0,0.0,0.0,0.0,0.0,0.0
3000,3,0.0,0.0,1.0,0.0,0.0,0.0,0.0,0.0
3017,6,0.0,0.0,0.0,0.0,0.0,1.0,0.0,0.0
3029,6,0.0,0.0,0.0,0.0,0.0,1.0,0.0,0.0
3032,7,0.0,0.0,0.0,0.0,0.0,0.0,1.0,0.0
3036,2,0.0,1.0,0.0,0.0,0.0,0.0,0.0,0.0
3042,3,0.0,0.0,1.0,0.0,0.0,0.0,0.0,0.0
3043,6,0.0,0.0,0.0,0.0,0.0,1.0,0.0,0.0
3045,3,0.0,0.0,1.0,0.0,0.0,0.0,0.0,0.0
3055,7,0.0,0.0,0.0,0.0,0.0,0.0,1.0,0.0
3062,6,0.0,0.0,0.0,0.0,0.0,1.0,0.0,0.0
3063,3,0.0,0.0,1.0,0.0,0.0,0.0,0.0,0.0
3064,2,0.0,1.0,0.0,0.0,0.0,0.0,0.0,0.0
3065,3,0.0,0.0,1.0,0.0,0.0,0.0,0.0,0.0
3066,3,0.0,0.0,1.0,0.0,0.0,0.0,0.0,0.0
3072,3,0.0,0.0,1.0,0.0,0.0,0.0,0.0,0.0
3073,3,0.0,0.0,1.0,0.0,0.0,0.0,0.0,0.0
3084,3,0.0,0.0,1.0,0.0,0.0,0.0,0.0,0.0
3085,7,0.0,0.0,0.0,0.0,0.0,0.0,1.0,0.0
3090,3,0.0,0.0,1.0,0.0,0.0,0.0,0.0,0.0
3092,3,0.0,0.0,1.0,0.0,0.0,0.0,0.0,0.0
3099,3,0.0,0.0,1.0,0.0,0.0,0.0,0.0,0.0
3102,6,0.0,0.0,0.0,0.0,0.0,1.0,0.0,0.0
3103,3,0.0,0.0,1.0,0.0,0.0,0.0,0.0,0.0
3109,3,0.0,0.0,1.0,0.0,0.0,0.0,0.0,0.0
3113,3,0.0,0.0,1.0,0.0,0.0,0.0,0.0,0.0
3117,3,0.0,0.0,1.0,0.0,0.0,0.0,0.0,0.0
3118,7,0.0,0.0,0.0,0.0,0.0,0.0,1.0,0.0
3120,7,0.0,0.0,0.0,0.0,0.0,0.0,1.0,0.0
3123,6,0.0,0.0,0.0,0.0,0.0,1.0,0.0,0.0
3129,3,0.0,0.0,1.0,0.0,0.0,0.0,0.0,0.0
3132,3,0.0,0.0,1.0,0.0,0.0,0.0,0.0,0.0
3143,6,0.0,0.0,0.0,0.0,0.0,1.0,0.0,0.0
3144,7,0.0,0.0,0.0,0.0,0.0,0.0,1.0,0.0
3148,3,0.0,0.0,1.0,0.0,0.0,0.0,0.0,0.0
3151,6,0.0,0.0,0.0,0.0,0.0,1.0,0.0,0.0
3170,7,0.0,0.0,0.0,0.0,0.0,0.0,1.0,0.0
3171,2,0.0,1.0,0.0,0.0,0.0,0.0,0.0,0.0
3177,3,0.0,0.0,1.0,0.0,0.0,0.0,0.0,0.0
3179,3,0.0,0.0,1.0,0.0,0.0,0.0,0.0,0.0
3188,7,0.0,0.0,0.0,0.0,0.0,0.0,1.0,0.0
3193,3,0.0,0.0,1.0,0.0,0.0,0.0,0.0,0.0
3198,7,0.0,0.0,0.0,0.0,0.0,0.0,1.0,0.0
3210,6,0.0,0.0,0.0,0.0,0.0,1.0,0.0,0.0
3212,3,0.0,0.0,1.0,0.0,0.0,0.0,0.0,0.0
3213,6,0.0,0.0,0.0,0.0,0.0,1.0,0.0,0.0
3219,7,0.0,0.0,0.0,0.0,0.0,0.0,1.0,0.0
3220,3,0.0,0.0,1.0,0.0,0.0,0.0,0.0,0.0
3222,3,0.0,0.0,1.0,0.0,0.0,0.0,0.0,0.0
3225,7,0.0,0.0,0.0,0.0,0.0,0.0,1.0,0.0
3230,3,0.0,0.0,1.0,0.0,0.0,0.0,0.0,0.0
3232,3,0.0,0.0,1.0,0.0,0.0,0.0,0.0,0.0
3238,6,0.0,0.0,0.0,0.0,0.0,1.0,0.0,0.0
3241,6,0.0,0.0,0.0,0.0,0.0,1.0,0.0,0.0
3245,3,0.0,0.0,1.0,0.0,0.0,0.0,0.0,0.0
3247,3,0.0,0.0,1.0,0.0,0.0,0.0,0.0,0.0
3257,3,0.0,0.0,1.0,0.0,0.0,0.0,0.0,0.0
3261,3,0.0,0.0,1.0,0.0,0.0,0.0,0.0,0.0
3267,3,0.0,0.0,1.0,0.0,0.0,0.0,0.0,0.0
3269,3,0.0,0.0,1.0,0.0,0.0,0.0,0.0,0.0
3278,7,0.0,0.0,0.0,0.0,0.0,0.0,1.0,0.0
3282,3,0.0,0.0,1.0,0.0,0.0,0.0,0.0,0.0
3283,3,0.0,0.0,1.0,0.0,0.0,0.0,0.0,0.0
3288,2,0.0,1.0,0.0,0.0,0.0,0.0,0.0,0.0
3290,3,0.0,0.0,1.0,0.0,0.0,0.0,0.0,0.0
3291,3,0.0,0.0,1.0,0.0,0.0,0.0,0.0,0.0
3306,3,0.0,0.0,1.0,0.0,0.0,0.0,0.0,0.0
3326,3,0.0,0.0,1.0,0.0,0.0,0.0,0.0,0.0
3328,3,0.0,0.0,1.0,0.0,0.0,0.0,0.0,0.0
3344,7,0.0,0.0,0.0,0.0,0.0,0.0,1.0,0.0
3348,2,0.0,1.0,0.0,0.0,0.0,0.0,0.0,0.0
3350,3,0.0,0.0,1.0,0.0,0.0,0.0,0.0,0.0
3352,3,0.0,0.0,1.0,0.0,0.0,0.0,0.0,0.0
3355,3,0.0,0.0,1.0,0.0,0.0,0.0,0.0,0.0
3358,3,0.0,0.0,1.0,0.0,0.0,0.0,0.0,0.0
3361,2,0.0,1.0,0.0,0.0,0.0,0.0,0.0,0.0
3369,6,0.0,0.0,0.0,0.0,0.0,1.0,0.0,0.0
3370,3,0.0,0.0,1.0,0.0,0.0,0.0,0.0,0.0
3376,3,0.0,0.0,1.0,0.0,0.0,0.0,0.0,0.0
3377,3,0.0,0.0,1.0,0.0,0.0,0.0,0.0,0.0
3380,6,0.0,0.0,0.0,0.0,0.0,1.0,0.0,0.0
3384,3,0.0,0.0,1.0,0.0,0.0,0.0,0.0,0.0
3385,7,0.0,0.0,0.0,0.0,0.0,0.0,1.0,0.0
3386,3,0.0,0.0,1.0,0.0,0.0,0.0,0.0,0.0
3389,7,0.0,0.0,0.0,0.0,0.0,0.0,1.0,0.0
3391,6,0.0,0.0,0.0,0.0,0.0,1.0,0.0,0.0
3392,6,0.0,0.0,0.0,0.0,0.0,1.0,0.0,0.0
3407,3,0.0,0.0,1.0,0.0,0.0,0.0,0.0,0.0
3409,2,0.0,1.0,0.0,0.0,0.0,0.0,0.0,0.0
3417,3,0.0,0.0,1.0,0.0,0.0,0.0,0.0,0.0
3419,6,0.0,0.0,0.0,0.0,0.0,1.0,0.0,0.0
3421,7,0.0,0.0,0.0,0.0,0.0,0.0,1.0,0.0
3424,3,0.0,0.0,1.0,0.0,0.0,0.0,0.0,0.0
3426,3,0.0,0.0,1.0,0.0,0.0,0.0,0.0,0.0
3429,7,0.0,0.0,0.0,0.0,0.0,0.0,1.0,0.0
3430,2,0.0,1.0,0.0,0.0,0.0,0.0,0.0,0.0
3435,3,0.0,0.0,1.0,0.0,0.0,0.0,0.0,0.0
3437,3,0.0,0.0,1.0,0.0,0.0,0.0,0.0,0.0
3438,3,0.0,0.0,1.0,0.0,0.0,0.0,0.0,0.0
3440,7,0.0,0.0,0.0,0.0,0.0,0.0,1.0,0.0
3441,3,0.0,0.0,1.0,0.0,0.0,0.0,0.0,0.0
3443,7,0.0,0.0,0.0,0.0,0.0,0.0,1.0,0.0
3447,3,0.0,0.0,1.0,0.0,0.0,0.0,0.0,0.0
3456,3,0.0,0.0,1.0,0.0,0.0,0.0,0.0,0.0
3457,3,0.0,0.0,1.0,0.0,0.0,0.0,0.0,0.0
3466,7,0.0,0.0,0.0,0.0,0.0,0.0,1.0,0.0
3471,3,0.0,0.0,1.0,0.0,0.0,0.0,0.0,0.0
3478,2,0.0,1.0,0.0,0.0,0.0,0.0,0.0,0.0
3483,3,0.0,0.0,1.0,0.0,0.0,0.0,0.0,0.0
3484,3,0.0,0.0,1.0,0.0,0.0,0.0,0.0,0.0
3486,3,0.0,0.0,1.0,0.0,0.0,0.0,0.0,0.0
3487,6,0.0,0.0,0.0,0.0,0.0,1.0,0.0,0.0
3490,3,0.0,0.0,1.0,0.0,0.0,0.0,0.0,0.0
3499,3,0.0,0.0,1.0,0.0,0.0,0.0,0.0,0.0
3502,3,0.0,0.0,1.0,0.0,0.0,0.0,0.0,0.0
3509,7,0.0,0.0,0.0,0.0,0.0,0.0,1.0,0.0
3514,3,0.0,0.0,1.0,0.0,0.0,0.0,0.0,0.0
3517,7,0.0,0.0,0.0,0.0,0.0,0.0,1.0,0.0
3520,6,0.0,0.0,0.0,0.0,0.0,1.0,0.0,0.0
3523,6,0.0,0.0,0.0,0.0,0.0,1.0,0.0,0.0
3524,7,0.0,0.0,0.0,0.0,0.0,0.0,1.0,0.0
3533,3,0.0,0.0,1.0,0.0,0.0,0.0,0.0,0.0
3535,7,0.0,0.0,0.0,0.0,0.0,0.0,1.0,0.0
3547,3,0.0,0.0,1.0,0.0,0.0,0.0,0.0,0.0
3549,3,0.0,0.0,1.0,0.0,0.0,0.0,0.0,0.0
3555,3,0.0,0.0,1.0,0.0,0.0,0.0,0.0,0.0
3556,3,0.0,0.0,1.0,0.0,0.0,0.0,0.0,0.0
3557,7,0.0,0.0,0.0,0.0,0.0,0.0,1.0,0.0
3567,7,0.0,0.0,0.0,0.0,0.0,0.0,1.0,0.0
3568,3,0.0,0.0,1.0,0.0,0.0,0.0,0.0,0.0
3570,7,0.0,0.0,0.0,0.0,0.0,0.0,1.0,0.0
3571,6,0.0,0.0,0.0,0.0,0.0,1.0,0.0,0.0
3580,7,0.0,0.0,0.0,0.0,0.0,0.0,1.0,0.0
3584,3,0.0,0.0,1.0,0.0,0.0,0.0,0.0,0.0
3586,7,0.0,0.0,0.0,0.0,0.0,0.0,1.0,0.0
3588,7,0.0,0.0,0.0,0.0,0.0,0.0,1.0,0.0
3590,3,0.0,0.0,1.0,0.0,0.0,0.0,0.0,0.0
3593,3,0.0,0.0,1.0,0.0,0.0,0.0,0.0,0.0
3596,3,0.0,0.0,1.0,0.0,0.0,0.0,0.0,0.0
3602,3,0.0,0.0,1.0,0.0,0.0,0.0,0.0,0.0
3606,7,0.0,0.0,0.0,0.0,0.0,0.0,1.0,0.0
3615,6,0.0,0.0,0.0,0.0,0.0,1.0,0.0,0.0
3617,3,0.0,0.0,1.0,0.0,0.0,0.0,0.0,0.0
3618,3,0.0,0.0,1.0,0.0,0.0,0.0,0.0,0.0
3620,3,0.0,0.0,1.0,0.0,0.0,0.0,0.0,0.0
3621,7,0.0,0.0,0.0,0.0,0.0,0.0,1.0,0.0
3622,6,0.0,0.0,0.0,0.0,0.0,1.0,0.0,0.0
3625,6,0.0,0.0,0.0,0.0,0.0,1.0,0.0,0.0
3629,3,0.0,0.0,1.0,0.0,0.0,0.0,0.0,0.0
3632,6,0.0,0.0,0.0,0.0,0.0,1.0,0.0,0.0
3635,3,0.0,0.0,1.0,0.0,0.0,0.0,0.0,0.0
3636,3,0.0,0.0,1.0,0.0,0.0,0.0,0.0,0.0
3644,3,0.0,0.0,1.0,0.0,0.0,0.0,0.0,0.0
3647,3,0.0,0.0,1.0,0.0,0.0,0.0,0.0,0.0
3649,6,0.0,0.0,0.0,0.0,0.0,1.0,0.0,0.0
3656,3,0.0,0.0,1.0,0.0,0.0,0.0,0.0,0.0
3657,3,0.0,0.0,1.0,0.0,0.0,0.0,0.0,0.0
3661,2,0.0,1.0,0.0,0.0,0.0,0.0,0.0,0.0
3663,3,0.0,0.0,1.0,0.0,0.0,0.0,0.0,0.0
3668,3,0.0,0.0,1.0,0.0,0.0,0.0,0.0,0.0
3670,3,0.0,0.0,1.0,0.0,0.0,0.0,0.0,0.0
3676,6,0.0,0.0,0.0,0.0,0.0,1.0,0.0,0.0
3682,3,0.0,0.0,1.0,0.0,0.0,0.0,0.0,0.0
3685,3,0.0,0.0,1.0,0.0,0.0,0.0,0.0,0.0
3687,6,0.0,0.0,0.0,0.0,0.0,1.0,0.0,0.0
3688,3,0.0,0.0,1.0,0.0,0.0,0.0,0.0,0.0
3693,2,0.0,1.0,0.0,0.0,0.0,0.0,0.0,0.0
3695,3,0.0,0.0,1.0,0.0,0.0,0.0,0.0,0.0
3703,3,0.0,0.0,1.0,0.0,0.0,0.0,0.0,0.0
3717,3,0.0,0.0,1.0,0.0,0.0,0.0,0.0,0.0
3729,3,0.0,0.0,1.0,0.0,0.0,0.0,0.0,0.0
3740,7,0.0,0.0,0.0,0.0,0.0,0.0,1.0,0.0
3743,3,0.0,0.0,1.0,0.0,0.0,0.0,0.0,0.0
3746,3,0.0,0.0,1.0,0.0,0.0,0.0,0.0,0.0
3750,7,0.0,0.0,0.0,0.0,0.0,0.0,1.0,0.0
3751,3,0.0,0.0,1.0,0.0,0.0,0.0,0.0,0.0
3753,7,0.0,0.0,0.0,0.0,0.0,0.0,1.0,0.0
3759,3,0.0,0.0,1.0,0.0,0.0,0.0,0.0,0.0
3766,3,0.0,0.0,1.0,0.0,0.0,0.0,0.0,0.0
3769,7,0.0,0.0,0.0,0.0,0.0,0.0,1.0,0.0
3773,6,0.0,0.0,0.0,0.0,0.0,1.0,0.0,0.0
3782,2,0.0,1.0,0.0,0.0,0.0,0.0,0.0,0.0
3785,3,0.0,0.0,1.0,0.0,0.0,0.0,0.0,0.0
3790,3,0.0,0.0,1.0,0.0,0.0,0.0,0.0,0.0
3793,6,0.0,0.0,0.0,0.0,0.0,1.0,0.0,0.0
3796,3,0.0,0.0,1.0,0.0,0.0,0.0,0.0,0.0
3797,3,0.0,0.0,1.0,0.0,0.0,0.0,0.0,0.0
3809,3,0.0,0.0,1.0,0.0,0.0,0.0,0.0,0.0
3813,3,0.0,0.0,1.0,0.0,0.0,0.0,0.0,0.0
3814,6,0.0,0.0,0.0,0.0,0.0,1.0,0.0,0.0
3817,3,0.0,0.0,1.0,0.0,0.0,0.0,0.0,0.0
3824,3,0.0,0.0,1.0,0.0,0.0,0.0,0.0,0.0
3827,3,0.0,0.0,1.0,0.0,0.0,0.0,0.0,0.0
3830,6,0.0,0.0,0.0,0.0,0.0,1.0,0.0,0.0
3833,3,0.0,0.0,1.0,0.0,0.0,0.0,0.0,0.0
3837,3,0.0,0.0,1.0,0.0,0.0,0.0,0.0,0.0
3838,3,0.0,0.0,1.0,0.0,0.0,0.0,0.0,0.0
3843,3,0.0,0.0,1.0,0.0,0.0,0.0,0.0,0.0
3845,7,0.0,0.0,0.0,0.0,0.0,0.0,1.0,0.0
3847,3,0.0,0.0,1.0,0.0,0.0,0.0,0.0,0.0
3856,3,0.0,0.0,1.0,0.0,0.0,0.0,0.0,0.0
3857,3,0.0,0.0,1.0,0.0,0.0,0.0,0.0,0.0
3858,3,0.0,0.0,1.0,0.0,0.0,0.0,0.0,0.0
3860,3,0.0,0.0,1.0,0.0,0.0,0.0,0.0,0.0
3869,3,0.0,0.0,1.0,0.0,0.0,0.0,0.0,0.0
3873,3,0.0,0.0,1.0,0.0,0.0,0.0,0.0,0.0
3875,3,0.0,0.0,1.0,0.0,0.0,0.0,0.0,0.0
3876,3,0.0,0.0,1.0,0.0,0.0,0.0,0.0,0.0
3883,3,0.0,0.0,1.0,0.0,0.0,0.0,0.0,0.0
3886,7,0.0,0.0,0.0,0.0,0.0,0.0,1.0,0.0
3888,7,0.0,0.0,0.0,0.0,0.0,0.0,1.0,0.0
3890,6,0.0,0.0,0.0,0.0,0.0,1.0,0.0,0.0
3891,3,0.0,0.0,1.0,0.0,0.0,0.0,0.0,0.0
3903,3,0.0,0.0,1.0,0.0,0.0,0.0,0.0,0.0
3906,3,0.0,0.0,1.0,0.0,0.0,0.0,0.0,0.0
3907,3,0.0,0.0,1.0,0.0,0.0,0.0,0.0,0.0
3915,3,0.0,0.0,1.0,0.0,0.0,0.0,0.0,0.0
3925,6,0.0,0.0,0.0,0.0,0.0,1.0,0.0,0.0
3926,6,0.0,0.0,0.0,0.0,0.0,1.0,0.0,0.0
3928,2,0.0,1.0,0.0,0.0,0.0,0.0,0.0,0.0
3929,2,0.0,1.0,0.0,0.0,0.0,0.0,0.0,0.0
3935,3,0.0,0.0,1.0,0.0,0.0,0.0,0.0,0.0
3936,2,0.0,1.0,0.0,0.0,0.0,0.0,0.0,0.0
3940,3,0.0,0.0,1.0,0.0,0.0,0.0,0.0,0.0
3946,3,0.0,0.0,1.0,0.0,0.0,0.0,0.0,0.0
3956,6,0.0,0.0,0.0,0.0,0.0,1.0,0.0,0.0
3958,3,0.0,0.0,1.0,0.0,0.0,0.0,0.0,0.0
3960,6,0.0,0.0,0.0,0.0,0.0,1.0,0.0,0.0
3961,3,0.0,0.0,1.0,0.0,0.0,0.0,0.0,0.0
3968,7,0.0,0.0,0.0,0.0,0.0,0.0,1.0,0.0
3980,3,0.0,0.0,1.0,0.0,0.0,0.0,0.0,0.0
3981,3,0.0,0.0,1.0,0.0,0.0,0.0,0.0,0.0
3983,6,0.0,0.0,0.0,0.0,0.0,1.0,0.0,0.0
3984,3,0.0,0.0,1.0,0.0,0.0,0.0,0.0,0.0
3989,6,0.0,0.0,0.0,0.0,0.0,1.0,0.0,0.0
3992,6,0.0,0.0,0.0,0.0,0.0,1.0,0.0,0.0
3994,3,0.0,0.0,1.0,0.0,0.0,0.0,0.0,0.0
3995,3,0.0,0.0,1.0,0.0,0.0,0.0,0.0,0.0
3998,7,0.0,0.0,0.0,0.0,0.0,0.0,1.0,0.0
4000,3,0.0,0.0,1.0,0.0,0.0,0.0,0.0,0.0
4016,3,0.0,0.0,1.0,0.0,0.0,0.0,0.0,0.0
4024,3,0.0,0.0,1.0,0.0,0.0,0.0,0.0,0.0
4026,3,0.0,0.0,1.0,0.0,0.0,0.0,0.0,0.0
4029,2,0.0,1.0,0.0,0.0,0.0,0.0,0.0,0.0
4031,6,0.0,0.0,0.0,0.0,0.0,1.0,0.0,0.0
4033,3,0.0,0.0,1.0,0.0,0.0,0.0,0.0,0.0
4038,2,0.0,1.0,0.0,0.0,0.0,0.0,0.0,0.0
4053,3,0.0,0.0,1.0,0.0,0.0,0.0,0.0,0.0
4055,3,0.0,0.0,1.0,0.0,0.0,0.0,0.0,0.0
4057,2,0.0,1.0,0.0,0.0,0.0,0.0,0.0,0.0
4060,3,0.0,0.0,1.0,0.0,0.0,0.0,0.0,0.0
4061,3,0.0,0.0,1.0,0.0,0.0,0.0,0.0,0.0
4062,3,0.0,0.0,1.0,0.0,0.0,0.0,0.0,0.0
4064,6,0.0,0.0,0.0,0.0,0.0,1.0,0.0,0.0
4065,7,0.0,0.0,0.0,0.0,0.0,0.0,1.0,0.0
4067,3,0.0,0.0,1.0,0.0,0.0,0.0,0.0,0.0
4075,2,0.0,1.0,0.0,0.0,0.0,0.0,0.0,0.0
4079,3,0.0,0.0,1.0,0.0,0.0,0.0,0.0,0.0
4082,7,0.0,0.0,0.0,0.0,0.0,0.0,1.0,0.0
4086,3,0.0,0.0,1.0,0.0,0.0,0.0,0.0,0.0
4090,3,0.0,0.0,1.0,0.0,0.0,0.0,0.0,0.0
4091,2,0.0,1.0,0.0,0.0,0.0,0.0,0.0,0.0
4092,6,0.0,0.0,0.0,0.0,0.0,1.0,0.0,0.0
4100,6,0.0,0.0,0.0,0.0,0.0,1.0,0.0,0.0
4105,3,0.0,0.0,1.0,0.0,0.0,0.0,0.0,0.0
4115,3,0.0,0.0,1.0,0.0,0.0,0.0,0.0,0.0
4123,3,0.0,0.0,1.0,0.0,0.0,0.0,0.0,0.0
4127,7,0.0,0.0,0.0,0.0,0.0,0.0,1.0,0.0
4136,3,0.0,0.0,1.0,0.0,0.0,0.0,0.0,0.0
4144,3,0.0,0.0,1.0,0.0,0.0,0.0,0.0,0.0
4152,7,0.0,0.0,0.0,0.0,0.0,0.0,1.0,0.0
4155,3,0.0,0.0,1.0,0.0,0.0,0.0,0.0,0.0
4156,7,0.0,0.0,0.0,0.0,0.0,0.0,1.0,0.0
4157,3,0.0,0.0,1.0,0.0,0.0,0.0,0.0,0.0
4160,3,0.0,0.0,1.0,0.0,0.0,0.0,0.0,0.0
4161,6,0.0,0.0,0.0,0.0,0.0,1.0,0.0,0.0
4164,3,0.0,0.0,1.0,0.0,0.0,0.0,0.0,0.0
4165,3,0.0,0.0,1.0,0.0,0.0,0.0,0.0,0.0
4173,3,0.0,0.0,1.0,0.0,0.0,0.0,0.0,0.0
4175,3,0.0,0.0,1.0,0.0,0.0,0.0,0.0,0.0
4178,3,0.0,0.0,1.0,0.0,0.0,0.0,0.0,0.0
4181,3,0.0,0.0,1.0,0.0,0.0,0.0,0.0,0.0
4182,7,0.0,0.0,0.0,0.0,0.0,0.0,1.0,0.0
4183,3,0.0,0.0,1.0,0.0,0.0,0.0,0.0,0.0
4194,3,0.0,0.0,1.0,0.0,0.0,0.0,0.0,0.0
4197,3,0.0,0.0,1.0,0.0,0.0,0.0,0.0,0.0
4198,6,0.0,0.0,0.0,0.0,0.0,1.0,0.0,0.0
4204,6,0.0,0.0,0.0,0.0,0.0,1.0,0.0,0.0
4206,3,0.0,0.0,1.0,0.0,0.0,0.0,0.0,0.0
4207,3,0.0,0.0,1.0,0.0,0.0,0.0,0.0,0.0
4218,3,0.0,0.0,1.0,0.0,0.0,0.0,0.0,0.0
4221,7,0.0,0.0,0.0,0.0,0.0,0.0,1.0,0.0
4222,7,0.0,0.0,0.0,0.0,0.0,0.0,1.0,0.0
4225,3,0.0,0.0,1.0,0.0,0.0,0.0,0.0,0.0
4237,3,0.0,0.0,1.0,0.0,0.0,0.0,0.0,0.0
4243,6,0.0,0.0,0.0,0.0,0.0,1.0,0.0,0.0
4246,2,0.0,1.0,0.0,0.0,0.0,0.0,0.0,0.0
4249,3,0.0,0.0,1.0,0.0,0.0,0.0,0.0,0.0
4250,6,0.0,0.0,0.0,0.0,0.0,1.0,0.0,0.0
4252,3,0.0,0.0,1.0,0.0,0.0,0.0,0.0,0.0
4253,3,0.0,0.0,1.0,0.0,0.0,0.0,0.0,0.0
4264,3,0.0,0.0,1.0,0.0,0.0,0.0,0.0,0.0
4274,2,0.0,1.0,0.0,0.0,0.0,0.0,0.0,0.0
4276,2,0.0,1.0,0.0,0.0,0.0,0.0,0.0,0.0
4278,3,0.0,0.0,1.0,0.0,0.0,0.0,0.0,0.0
4286,3,0.0,0.0,1.0,0.0,0.0,0.0,0.0,0.0
4288,3,0.0,0.0,1.0,0.0,0.0,0.0,0.0,0.0
4294,2,0.0,1.0,0.0,0.0,0.0,0.0,0.0,0.0
4296,3,0.0,0.0,1.0,0.0,0.0,0.0,0.0,0.0
4298,3,0.0,0.0,1.0,0.0,0.0,0.0,0.0,0.0
4309,7,0.0,0.0,0.0,0.0,0.0,0.0,1.0,0.0
4312,3,0.0,0.0,1.0,0.0,0.0,0.0,0.0,0.0
4314,7,0.0,0.0,0.0,0.0,0.0,0.0,1.0,0.0
4319,3,0.0,0.0,1.0,0.0,0.0,0.0,0.0,0.0
4323,3,0.0,0.0,1.0,0.0,0.0,0.0,0.0,0.0
4324,3,0.0,0.0,1.0,0.0,0.0,0.0,0.0,0.0
4326,7,0.0,0.0,0.0,0.0,0.0,0.0,1.0,0.0
4327,6,0.0,0.0,0.0,0.0,0.0,1.0,0.0,0.0
4328,2,0.0,1.0,0.0,0.0,0.0,0.0,0.0,0.0
4331,3,0.0,0.0,1.0,0.0,0.0,0.0,0.0,0.0
4332,3,0.0,0.0,1.0,0.0,0.0,0.0,0.0,0.0
4336,2,0.0,1.0,0.0,0.0,0.0,0.0,0.0,0.0
4340,3,0.0,0.0,1.0,0.0,0.0,0.0,0.0,0.0
4342,3,0.0,0.0,1.0,0.0,0.0,0.0,0.0,0.0
4345,3,0.0,0.0,1.0,0.0,0.0,0.0,0.0,0.0
4346,3,0.0,0.0,1.0,0.0,0.0,0.0,0.0,0.0
4350,3,0.0,0.0,1.0,0.0,0.0,0.0,0.0,0.0
4351,3,0.0,0.0,1.0,0.0,0.0,0.0,0.0,0.0
4354,3,0.0,0.0,1.0,0.0,0.0,0.0,0.0,0.0
4356,6,0.0,0.0,0.0,0.0,0.0,1.0,0.0,0.0
4361,7,0.0,0.0,0.0,0.0,0.0,0.0,1.0,0.0
4369,3,0.0,0.0,1.0,0.0,0.0,0.0,0.0,0.0
4375,3,0.0,0.0,1.0,0.0,0.0,0.0,0.0,0.0
4390,3,0.0,0.0,1.0,0.0,0.0,0.0,0.0,0.0
4394,7,0.0,0.0,0.0,0.0,0.0,0.0,1.0,0.0
4402,7,0.0,0.0,0.0,0.0,0.0,0.0,1.0,0.0
4405,3,0.0,0.0,1.0,0.0,0.0,0.0,0.0,0.0
4407,3,0.0,0.0,1.0,0.0,0.0,0.0,0.0,0.0
4409,6,0.0,0.0,0.0,0.0,0.0,1.0,0.0,0.0
4414,6,0.0,0.0,0.0,0.0,0.0,1.0,0.0,0.0
4415,7,0.0,0.0,0.0,0.0,0.0,0.0,1.0,0.0
4420,2,0.0,1.0,0.0,0.0,0.0,0.0,0.0,0.0
4424,3,0.0,0.0,1.0,0.0,0.0,0.0,0.0,0.0
4427,3,0.0,0.0,1.0,0.0,0.0,0.0,0.0,0.0
4433,3,0.0,0.0,1.0,0.0,0.0,0.0,0.0,0.0
4440,7,0.0,0.0,0.0,0.0,0.0,0.0,1.0,0.0
4447,7,0.0,0.0,0.0,0.0,0.0,0.0,1.0,0.0
4448,3,0.0,0.0,1.0,0.0,0.0,0.0,0.0,0.0
4449,3,0.0,0.0,1.0,0.0,0.0,0.0,0.0,0.0
4450,7,0.0,0.0,0.0,0.0,0.0,0.0,1.0,0.0
4452,6,0.0,0.0,0.0,0.0,0.0,1.0,0.0,0.0
4457,3,0.0,0.0,1.0,0.0,0.0,0.0,0.0,0.0
4459,3,0.0,0.0,1.0,0.0,0.0,0.0,0.0,0.0
4460,3,0.0,0.0,1.0,0.0,0.0,0.0,0.0,0.0
4464,3,0.0,0.0,1.0,0.0,0.0,0.0,0.0,0.0
4472,6,0.0,0.0,0.0,0.0,0.0,1.0,0.0,0.0
4473,3,0.0,0.0,1.0,0.0,0.0,0.0,0.0,0.0
4489,3,0.0,0.0,1.0,0.0,0.0,0.0,0.0,0.0
4493,3,0.0,0.0,1.0,0.0,0.0,0.0,0.0,0.0
4498,6,0.0,0.0,0.0,0.0,0.0,1.0,0.0,0.0
4502,3,0.0,0.0,1.0,0.0,0.0,0.0,0.0,0.0
4504,6,0.0,0.0,0.0,0.0,0.0,1.0,0.0,0.0
4510,3,0.0,0.0,1.0,0.0,0.0,0.0,0.0,0.0
4525,6,0.0,0.0,0.0,0.0,0.0,1.0,0.0,0.0
4528,7,0.0,0.0,0.0,0.0,0.0,0.0,1.0,0.0
4532,3,0.0,0.0,1.0,0.0,0.0,0.0,0.0,0.0
4535,6,0.0,0.0,0.0,0.0,0.0,1.0,0.0,0.0
4537,2,0.0,1.0,0.0,0.0,0.0,0.0,0.0,0.0
4541,3,0.0,0.0,1.0,0.0,0.0,0.0,0.0,0.0
4542,6,0.0,0.0,0.0,0.0,0.0,1.0,0.0,0.0
4548,3,0.0,0.0,1.0,0.0,0.0,0.0,0.0,0.0
4555,3,0.0,0.0,1.0,0.0,0.0,0.0,0.0,0.0
4556,3,0.0,0.0,1.0,0.0,0.0,0.0,0.0,0.0
4568,3,0.0,0.0,1.0,0.0,0.0,0.0,0.0,0.0
4570,7,0.0,0.0,0.0,0.0,0.0,0.0,1.0,0.0
4575,3,0.0,0.0,1.0,0.0,0.0,0.0,0.0,0.0
4579,3,0.0,0.0,1.0,0.0,0.0,0.0,0.0,0.0
4584,3,0.0,0.0,1.0,0.0,0.0,0.0,0.0,0.0
4590,3,0.0,0.0,1.0,0.0,0.0,0.0,0.0,0.0
4592,3,0.0,0.0,1.0,0.0,0.0,0.0,0.0,0.0
4598,3,0.0,0.0,1.0,0.0,0.0,0.0,0.0,0.0
4603,3,0.0,0.0,1.0,0.0,0.0,0.0,0.0,0.0
4607,3,0.0,0.0,1.0,0.0,0.0,0.0,0.0,0.0
4612,3,0.0,0.0,1.0,0.0,0.0,0.0,0.0,0.0
4615,6,0.0,0.0,0.0,0.0,0.0,1.0,0.0,0.0
4616,7,0.0,0.0,0.0,0.0,0.0,0.0,1.0,0.0
4619,7,0.0,0.0,0.0,0.0,0.0,0.0,1.0,0.0
4621,7,0.0,0.0,0.0,0.0,0.0,0.0,1.0,0.0
4629,3,0.0,0.0,1.0,0.0,0.0,0.0,0.0,0.0
4630,6,0.0,0.0,0.0,0.0,0.0,1.0,0.0,0.0
4634,6,0.0,0.0,0.0,0.0,0.0,1.0,0.0,0.0
4636,3,0.0,0.0,1.0,0.0,0.0,0.0,0.0,0.0
4650,3,0.0,0.0,1.0,0.0,0.0,0.0,0.0,0.0
4654,6,0.0,0.0,0.0,0.0,0.0,1.0,0.0,0.0
4656,3,0.0,0.0,1.0,0.0,0.0,0.0,0.0,0.0
4664,3,0.0,0.0,1.0,0.0,0.0,0.0,0.0,0.0
4670,6,0.0,0.0,0.0,0.0,0.0,1.0,0.0,0.0
4676,3,0.0,0.0,1.0,0.0,0.0,0.0,0.0,0.0
4678,7,0.0,0.0,0.0,0.0,0.0,0.0,1.0,0.0
4686,3,0.0,0.0,1.0,0.0,0.0,0.0,0.0,0.0
4687,3,0.0,0.0,1.0,0.0,0.0,0.0,0.0,0.0
4690,3,0.0,0.0,1.0,0.0,0.0,0.0,0.0,0.0
4691,3,0.0,0.0,1.0,0.0,0.0,0.0,0.0,0.0
4694,6,0.0,0.0,0.0,0.0,0.0,1.0,0.0,0.0
4696,6,0.0,0.0,0.0,0.0,0.0,1.0,0.0,0.0
4701,3,0.0,0.0,1.0,0.0,0.0,0.0,0.0,0.0
4704,7,0.0,0.0,0.0,0.0,0.0,0.0,1.0,0.0
4707,2,0.0,1.0,0.0,0.0,0.0,0.0,0.0,0.0
4722,7,0.0,0.0,0.0,0.0,0.0,0.0,1.0,0.0
4726,6,0.0,0.0,0.0,0.0,0.0,1.0,0.0,0.0
4730,3,0.0,0.0,1.0,0.0,0.0,0.0,0.0,0.0
4735,6,0.0,0.0,0.0,0.0,0.0,1.0,0.0,0.0
4737,7,0.0,0.0,0.0,0.0,0.0,0.0,1.0,0.0
4745,3,0.0,0.0,1.0,0.0,0.0,0.0,0.0,0.0
4747,3,0.0,0.0,1.0,0.0,0.0,0.0,0.0,0.0
4753,3,0.0,0.0,1.0,0.0,0.0,0.0,0.0,0.0
4757,3,0.0,0.0,1.0,0.0,0.0,0.0,0.0,0.0
4762,3,0.0,0.0,1.0,0.0,0.0,0.0,0.0,0.0
4766,3,0.0,0.0,1.0,0.0,0.0,0.0,0.0,0.0
4772,6,0.0,0.0,0.0,0.0,0.0,1.0,0.0,0.0
4786,3,0.0,0.0,1.0,0.0,0.0,0.0,0.0,0.0
4792,6,0.0,0.0,0.0,0.0,0.0,1.0,0.0,0.0
4796,3,0.0,0.0,1.0,0.0,0.0,0.0,0.0,0.0
